date,quantity,type,unit_price,total,client,where
2022.11.09 16:53,1,Gamma S,"3,128 ISK","-3,128 ISK",Demavendian,Jita IV - Moon 4 - Caldari Navy Assembly Plant
2022.11.09 16:52,1,Gamma S,"3,128 ISK","-3,128 ISK",ien galaherrr,Jita IV - Moon 4 - Caldari Navy Assembly Plant
2022.11.09 16:14,1,Gamma S,"3,128 ISK","-3,128 ISK",Dof,Jita IV - Moon 4 - Caldari Navy Assembly Plant
2022.11.09 15:53,1,Gamma S,"3,128 ISK","-3,128 ISK",Sunhelg,Jita IV - Moon 4 - Caldari Navy Assembly Plant
2022.11.09 15:19,30,Crash,8 ISK,-243 ISK,R0manych,Jita IV - Moon 4 - Caldari Navy Assembly Plant
2022.11.09 15:05,10,Crash,8 ISK,-81 ISK,da ha,Jita IV - Moon 4 - Caldari Navy Assembly Plant
2022.11.09 14:53,10,Crash,8 ISK,-81 ISK,MacGybo,Jita IV - Moon 4 - Caldari Navy Assembly Plant
2022.11.09 14:47,10,Crash,8 ISK,-81 ISK,Rest Renalard,Jita IV - Moon 4 - Caldari Navy Assembly Plant
2022.11.09 14:45,4,Gamma S,"3,128 ISK","-12,512 ISK",mini Barmen,Jita IV - Moon 4 - Caldari Navy Assembly Plant
2022.11.09 14:36,10,Crash,8 ISK,-81 ISK,Shadow DuskMalik,Jita IV - Moon 4 - Caldari Navy Assembly Plant
2022.11.09 14:23,4,Gamma S,"3,128 ISK","-12,512 ISK",Sephir07h,Jita IV - Moon 4 - Caldari Navy Assembly Plant
2022.11.09 14:07,1,Radio L,"43,640 ISK","-43,640 ISK",Dragon Reckless,Jita IV - Moon 4 - Caldari Navy Assembly Plant
2022.11.09 14:05,1,Gamma S,"3,128 ISK","-3,128 ISK",Bo-roo,Jita IV - Moon 4 - Caldari Navy Assembly Plant
2022.11.09 14:05,6,Gamma S,"3,128 ISK","-18,768 ISK",Dragon Reckless,Jita IV - Moon 4 - Caldari Navy Assembly Plant
2022.11.09 13:57,1,Gamma S,"3,128 ISK","-3,128 ISK",Cukor Falat,Jita IV - Moon 4 - Caldari Navy Assembly Plant
2022.11.09 13:53,1,Gamma S,"3,128 ISK","-3,128 ISK",Marketolog Delovoi,Jita IV - Moon 4 - Caldari Navy Assembly Plant
2022.11.09 13:44,1,Gamma S,"3,128 ISK","-3,128 ISK",DEADMINDS PODCAST,Jita IV - Moon 4 - Caldari Navy Assembly Plant
2022.11.09 13:44,2,Gamma S,"3,128 ISK","-6,256 ISK",Raquella Anirule,Jita IV - Moon 4 - Caldari Navy Assembly Plant
2022.11.09 13:15,1,Gamma S,"3,128 ISK","-3,128 ISK",Saigon Ric,Jita IV - Moon 4 - Caldari Navy Assembly Plant
2022.11.09 13:07,9,Gamma S,"3,128 ISK","-28,152 ISK",Florealei,Jita IV - Moon 4 - Caldari Navy Assembly Plant
2022.11.09 12:55,"1,000",Evasive Maneuvers Charge,500 ISK,"-500,200 ISK",warframe killer,Jita IV - Moon 4 - Caldari Navy Assembly Plant
2022.11.09 12:55,1,Gamma S,"3,128 ISK","-3,128 ISK",Ilovexiao Auscent,Jita IV - Moon 4 - Caldari Navy Assembly Plant
2022.11.09 12:39,1,F-90 Compact Sensor Booster,"3,202 ISK","-3,202 ISK",BOBKA MAPK0BKA,Jita IV - Moon 4 - Caldari Navy Assembly Plant
2022.11.09 12:37,2,F-90 Compact Sensor Booster,"3,202 ISK","-6,404 ISK",Asa Hitomi,Jita IV - Moon 4 - Caldari Navy Assembly Plant
2022.11.09 12:37,1,F-90 Compact Sensor Booster,"3,202 ISK","-3,202 ISK",Ragvalod,Jita IV - Moon 4 - Caldari Navy Assembly Plant
2022.11.09 12:30,18,Radio L,"43,640 ISK","-785,520 ISK",Fobos Deimoss,Jita IV - Moon 4 - Caldari Navy Assembly Plant
2022.11.09 12:30,12,Standard L,"20,120 ISK","-241,440 ISK",Fobos Deimoss,Jita IV - Moon 4 - Caldari Navy Assembly Plant
2022.11.09 12:23,1,Gamma S,"3,128 ISK","-3,128 ISK",Giant Cins Chieve,Jita IV - Moon 4 - Caldari Navy Assembly Plant
2022.11.09 12:09,1,Gamma S,"3,128 ISK","-3,128 ISK",Coffee Akachi,Jita IV - Moon 4 - Caldari Navy Assembly Plant
2022.11.09 11:40,1,Gamma S,"3,128 ISK","-3,128 ISK",Speedwagon65,Jita IV - Moon 4 - Caldari Navy Assembly Plant
2022.11.09 11:25,1,Gamma S,"3,128 ISK","-3,128 ISK",Nordic Leo,Jita IV - Moon 4 - Caldari Navy Assembly Plant
2022.11.09 10:45,8,Gamma S,"3,128 ISK","-25,024 ISK",Lunar Argun,Jita IV - Moon 4 - Caldari Navy Assembly Plant
2022.11.09 10:20,1,Gamma S,"3,128 ISK","-3,128 ISK",GAGAn Inkunen,Jita IV - Moon 4 - Caldari Navy Assembly Plant
2022.11.09 10:12,1,Gamma S,"3,128 ISK","-3,128 ISK",Saaraxis,Jita IV - Moon 4 - Caldari Navy Assembly Plant
2022.11.09 10:08,2,Gamma S,"3,128 ISK","-6,256 ISK",Melli van Dark,Jita IV - Moon 4 - Caldari Navy Assembly Plant
2022.11.09 09:54,1,Gamma S,"3,128 ISK","-3,128 ISK",RedMasha,Jita IV - Moon 4 - Caldari Navy Assembly Plant
2022.11.09 09:08,6,Gamma S,"3,128 ISK","-18,768 ISK",Chogyrt,Jita IV - Moon 4 - Caldari Navy Assembly Plant
2022.11.09 08:55,1,Gamma S,"3,128 ISK","-3,128 ISK",Zlo495,Jita IV - Moon 4 - Caldari Navy Assembly Plant
2022.11.09 08:54,1,Gamma S,"3,128 ISK","-3,128 ISK",Vesta Lada,Jita IV - Moon 4 - Caldari Navy Assembly Plant
2022.11.09 08:51,1,F-90 Compact Sensor Booster,"3,200 ISK","-3,200 ISK",Antinwah Nardieu,Jita IV - Moon 4 - Caldari Navy Assembly Plant
2022.11.09 08:07,1,Gamma S,"3,128 ISK","-3,128 ISK",Manu Castellanos M,Jita IV - Moon 4 - Caldari Navy Assembly Plant
2022.11.09 08:07,1,F-90 Compact Sensor Booster,"3,200 ISK","-3,200 ISK",Sharky1Rainbow,Jita IV - Moon 4 - Caldari Navy Assembly Plant
2022.11.09 08:06,2,F-90 Compact Sensor Booster,"3,200 ISK","-6,400 ISK",R0manych,Jita IV - Moon 4 - Caldari Navy Assembly Plant
2022.11.09 07:58,1,F-90 Compact Sensor Booster,"3,200 ISK","-3,200 ISK",Kevcorp300,Jita IV - Moon 4 - Caldari Navy Assembly Plant
2022.11.09 07:53,1,F-90 Compact Sensor Booster,"3,200 ISK","-3,200 ISK",Lilit Sunji,Jita IV - Moon 4 - Caldari Navy Assembly Plant
2022.11.09 07:50,1,F-90 Compact Sensor Booster,"3,200 ISK","-3,200 ISK",lSXKEl,Jita IV - Moon 4 - Caldari Navy Assembly Plant
2022.11.09 07:50,1,F-90 Compact Sensor Booster,"3,200 ISK","-3,200 ISK",lSXKEl,Jita IV - Moon 4 - Caldari Navy Assembly Plant
2022.11.09 07:49,1,F-90 Compact Sensor Booster,"3,200 ISK","-3,200 ISK",Nordic Leo,Jita IV - Moon 4 - Caldari Navy Assembly Plant
2022.11.09 07:46,1,F-90 Compact Sensor Booster,"3,200 ISK","-3,200 ISK",Cherry Drunk,Jita IV - Moon 4 - Caldari Navy Assembly Plant
2022.11.09 07:00,4,F-90 Compact Sensor Booster,"3,200 ISK","-12,800 ISK",Sam SinCo,Jita IV - Moon 4 - Caldari Navy Assembly Plant
2022.11.09 06:49,1,F-90 Compact Sensor Booster,"3,200 ISK","-3,200 ISK",polamid,Jita IV - Moon 4 - Caldari Navy Assembly Plant
2022.11.09 06:40,20,F-90 Compact Sensor Booster,"3,200 ISK","-64,000 ISK",hot moma sexy,Jita IV - Moon 4 - Caldari Navy Assembly Plant
2022.11.09 06:30,1,Gamma S,"3,128 ISK","-3,128 ISK",Denis Pavlich,Jita IV - Moon 4 - Caldari Navy Assembly Plant
2022.11.09 06:28,3,F-90 Compact Sensor Booster,"3,200 ISK","-9,600 ISK",Denis Pavlich,Jita IV - Moon 4 - Caldari Navy Assembly Plant
2022.11.09 06:17,1,F-90 Compact Sensor Booster,"3,200 ISK","-3,200 ISK",Mokebe2137,Jita IV - Moon 4 - Caldari Navy Assembly Plant
2022.11.09 05:56,2,Standard L,"20,100 ISK","-40,200 ISK",ShadowShanoa,Jita IV - Moon 4 - Caldari Navy Assembly Plant
2022.11.09 05:45,1,F-90 Compact Sensor Booster,"3,200 ISK","-3,200 ISK",ShadowShanoa,Jita IV - Moon 4 - Caldari Navy Assembly Plant
2022.11.09 05:39,18,Hornet EC-300,"6,009 ISK","-108,162 ISK",Asymptomatica,Jita IV - Moon 4 - Caldari Navy Assembly Plant
2022.11.09 05:38,26,Hornet EC-300,"6,009 ISK","-156,234 ISK",Ivan Efremov,Jita IV - Moon 4 - Caldari Navy Assembly Plant
2022.11.09 05:30,1,F-90 Compact Sensor Booster,"3,200 ISK","-3,200 ISK",Shamino,Jita IV - Moon 4 - Caldari Navy Assembly Plant
2022.11.09 05:29,1,F-90 Compact Sensor Booster,"3,200 ISK","-3,200 ISK",GroxLol,Jita IV - Moon 4 - Caldari Navy Assembly Plant
2022.11.09 05:28,1,Standard L,"20,100 ISK","-20,100 ISK",Shamino,Jita IV - Moon 4 - Caldari Navy Assembly Plant
2022.11.09 05:28,7,Hornet EC-300,"6,009 ISK","-42,063 ISK",Shamino,Jita IV - Moon 4 - Caldari Navy Assembly Plant
2022.11.09 05:27,1,F-90 Compact Sensor Booster,"3,200 ISK","-3,200 ISK",HUKA HET,Jita IV - Moon 4 - Caldari Navy Assembly Plant
2022.11.09 05:12,1,F-90 Compact Sensor Booster,"3,200 ISK","-3,200 ISK",Radegast2066,Jita IV - Moon 4 - Caldari Navy Assembly Plant
2022.11.09 05:09,1,F-90 Compact Sensor Booster,"3,200 ISK","-3,200 ISK",Plorer,Jita IV - Moon 4 - Caldari Navy Assembly Plant
2022.11.09 05:09,1,Standard L,"20,100 ISK","-20,100 ISK",Plorer,Jita IV - Moon 4 - Caldari Navy Assembly Plant
2022.11.09 05:07,1,Gamma S,"3,128 ISK","-3,128 ISK",SARACIN Aurilen,Jita IV - Moon 4 - Caldari Navy Assembly Plant
2022.11.09 04:56,10,Hornet EC-300,"6,009 ISK","-60,090 ISK",Laurens en Daire,Jita IV - Moon 4 - Caldari Navy Assembly Plant
2022.11.09 04:50,14,Variegated Asteroid Mining Crystal Type A II,"58,720 ISK","-822,080 ISK",Shpec,Jita IV - Moon 4 - Caldari Navy Assembly Plant
2022.11.09 04:47,5,Hornet EC-300,"6,009 ISK","-30,045 ISK",Capt obviouse,Jita IV - Moon 4 - Caldari Navy Assembly Plant
2022.11.09 04:47,3,Standard L,"20,100 ISK","-60,300 ISK",Osstriker,Jita IV - Moon 4 - Caldari Navy Assembly Plant
2022.11.09 04:29,102,Standard L,"20,100 ISK","-2,050,200 ISK",Conditus Vip3r,Jita IV - Moon 4 - Caldari Navy Assembly Plant
2022.11.09 04:25,65,Hornet EC-300,"6,009 ISK","-390,585 ISK",Conditus Vip3r,Jita IV - Moon 4 - Caldari Navy Assembly Plant
2022.11.09 04:25,1,Hornet EC-300,"6,009 ISK","-6,009 ISK",Conditus Vip3r,Jita IV - Moon 4 - Caldari Navy Assembly Plant
2022.11.09 04:25,1,Hornet EC-300,"6,009 ISK","-6,009 ISK",Conditus Vip3r,Jita IV - Moon 4 - Caldari Navy Assembly Plant
2022.11.09 04:25,1,Hornet EC-300,"6,009 ISK","-6,009 ISK",Conditus Vip3r,Jita IV - Moon 4 - Caldari Navy Assembly Plant
2022.11.09 04:21,1,Heavy Assault Missile Launcher I,"27,970 ISK","-27,970 ISK",Conditus Vip3r,Jita IV - Moon 4 - Caldari Navy Assembly Plant
2022.11.09 04:08,1,Hornet EC-300,"6,009 ISK","-6,009 ISK",lokiuytr,Jita IV - Moon 4 - Caldari Navy Assembly Plant
2022.11.09 04:00,27,Hornet EC-300,"6,009 ISK","-162,243 ISK",O'den Patrouette,Jita IV - Moon 4 - Caldari Navy Assembly Plant
2022.11.09 03:34,1,Standard L,"20,100 ISK","-20,100 ISK",Sonny Red,Jita IV - Moon 4 - Caldari Navy Assembly Plant
2022.11.09 03:30,56,Hornet EC-300,"6,009 ISK","-336,504 ISK",Kai Maleko,Jita IV - Moon 4 - Caldari Navy Assembly Plant
2022.11.09 03:26,5,Hornet EC-300,"6,009 ISK","-30,045 ISK",OGH231,Jita IV - Moon 4 - Caldari Navy Assembly Plant
2022.11.09 03:21,5,Hornet EC-300,"6,009 ISK","-30,045 ISK",Houston620,Jita IV - Moon 4 - Caldari Navy Assembly Plant
2022.11.09 03:00,1,Hornet EC-300,"6,009 ISK","-6,009 ISK",Shaco83,Jita IV - Moon 4 - Caldari Navy Assembly Plant
2022.11.09 03:00,1,Hornet EC-300,"6,009 ISK","-6,009 ISK",Shaco83,Jita IV - Moon 4 - Caldari Navy Assembly Plant
2022.11.09 03:00,1,Hornet EC-300,"6,009 ISK","-6,009 ISK",Shaco83,Jita IV - Moon 4 - Caldari Navy Assembly Plant
2022.11.09 03:00,1,Hornet EC-300,"6,009 ISK","-6,009 ISK",Shaco83,Jita IV - Moon 4 - Caldari Navy Assembly Plant
2022.11.09 03:00,1,Hornet EC-300,"6,009 ISK","-6,009 ISK",Shaco83,Jita IV - Moon 4 - Caldari Navy Assembly Plant
2022.11.09 03:00,1,Hornet EC-300,"6,009 ISK","-6,009 ISK",Shaco83,Jita IV - Moon 4 - Caldari Navy Assembly Plant
2022.11.09 03:00,1,Hornet EC-300,"6,009 ISK","-6,009 ISK",Shaco83,Jita IV - Moon 4 - Caldari Navy Assembly Plant
2022.11.09 03:00,1,Hornet EC-300,"6,009 ISK","-6,009 ISK",Shaco83,Jita IV - Moon 4 - Caldari Navy Assembly Plant
2022.11.09 03:00,1,Hornet EC-300,"6,009 ISK","-6,009 ISK",Shaco83,Jita IV - Moon 4 - Caldari Navy Assembly Plant
2022.11.09 03:00,1,Hornet EC-300,"6,009 ISK","-6,009 ISK",Shaco83,Jita IV - Moon 4 - Caldari Navy Assembly Plant
2022.11.09 03:00,1,Gamma S,"3,128 ISK","-3,128 ISK",Suicide 555,Jita IV - Moon 4 - Caldari Navy Assembly Plant
2022.11.09 02:59,8,Hornet EC-300,"6,009 ISK","-48,072 ISK",Shaco83,Jita IV - Moon 4 - Caldari Navy Assembly Plant
2022.11.09 02:56,1,Standard L,"20,100 ISK","-20,100 ISK",Hakanuro Tora Itonula,Jita IV - Moon 4 - Caldari Navy Assembly Plant
2022.11.09 02:49,1,Gamma S,"3,128 ISK","-3,128 ISK",sniselmiff,Jita IV - Moon 4 - Caldari Navy Assembly Plant
2022.11.09 02:16,5,Hornet EC-300,"6,009 ISK","-30,045 ISK",Mister McGillicutty,Jita IV - Moon 4 - Caldari Navy Assembly Plant
2022.11.09 02:15,3,Gamma S,"3,128 ISK","-9,384 ISK",Misco Deninard,Jita IV - Moon 4 - Caldari Navy Assembly Plant
2022.11.09 02:14,2,Gamma S,"3,128 ISK","-6,256 ISK",Akio Hoshi-Kami,Jita IV - Moon 4 - Caldari Navy Assembly Plant
2022.11.09 02:08,1,Gamma S,"3,128 ISK","-3,128 ISK",polamid,Jita IV - Moon 4 - Caldari Navy Assembly Plant
2022.11.09 01:47,2,Standard L,"20,100 ISK","-40,200 ISK",Bruno Canis,Jita IV - Moon 4 - Caldari Navy Assembly Plant
2022.11.09 01:47,1,Gamma S,"3,128 ISK","-3,128 ISK",Bruno Canis,Jita IV - Moon 4 - Caldari Navy Assembly Plant
2022.11.09 01:45,8,Hammerhead I,"23,180 ISK","-185,440 ISK",Bruno Canis,Jita IV - Moon 4 - Caldari Navy Assembly Plant
2022.11.09 01:44,2,Hornet EC-300,"6,009 ISK","-12,018 ISK",Hybz,Jita IV - Moon 4 - Caldari Navy Assembly Plant
2022.11.09 01:40,8,Standard L,"20,100 ISK","-160,800 ISK",Hybz,Jita IV - Moon 4 - Caldari Navy Assembly Plant
2022.11.09 01:31,54,Hammerhead I,"23,180 ISK","-1,251,720 ISK",Jesse Summers,Jita IV - Moon 4 - Caldari Navy Assembly Plant
2022.11.09 01:30,4,Standard L,"20,100 ISK","-80,400 ISK",Jesse Summers,Jita IV - Moon 4 - Caldari Navy Assembly Plant
2022.11.09 01:28,4,Hammerhead I,"23,180 ISK","-92,720 ISK",Aleksandr She,Jita IV - Moon 4 - Caldari Navy Assembly Plant
2022.11.09 01:23,10,Hornet EC-300,"6,009 ISK","-60,090 ISK",Roue,Jita IV - Moon 4 - Caldari Navy Assembly Plant
2022.11.09 01:15,5,Hornet EC-300,"6,009 ISK","-30,045 ISK",Kan Nightven,Jita IV - Moon 4 - Caldari Navy Assembly Plant
2022.11.09 01:06,1,Hammerhead I,"23,180 ISK","-23,180 ISK",Mark Cemyan,Jita IV - Moon 4 - Caldari Navy Assembly Plant
2022.11.09 01:04,15,Hornet EC-300,"6,009 ISK","-90,135 ISK",Will Wonkaa,Jita IV - Moon 4 - Caldari Navy Assembly Plant
2022.11.09 00:55,5,Hornet EC-300,"6,009 ISK","-30,045 ISK",Captain Acab,Jita IV - Moon 4 - Caldari Navy Assembly Plant
2022.11.09 00:50,1,Gamma S,"3,128 ISK","-3,128 ISK",Hexian Aurilen,Jita IV - Moon 4 - Caldari Navy Assembly Plant
2022.11.09 00:44,5,Hammerhead I,"23,180 ISK","-115,900 ISK",Inflicted Fury,Jita IV - Moon 4 - Caldari Navy Assembly Plant
2022.11.09 00:43,41,Caldari Navy Inferno Rocket,622 ISK,"-25,502 ISK",Aleksandr She,Jita IV - Moon 4 - Caldari Navy Assembly Plant
2022.11.09 00:38,1,Hammerhead I,"23,180 ISK","-23,180 ISK",Dodger Redfern,Jita IV - Moon 4 - Caldari Navy Assembly Plant
2022.11.09 00:33,5,Hornet EC-300,"6,009 ISK","-30,045 ISK",Johnny Ryan,Jita IV - Moon 4 - Caldari Navy Assembly Plant
2022.11.09 00:25,1,Gamma S,"3,128 ISK","-3,128 ISK",Christian Jay Winchester,Jita IV - Moon 4 - Caldari Navy Assembly Plant
2022.11.09 00:22,1,Hammerhead I,"23,180 ISK","-23,180 ISK",Celeran,Jita IV - Moon 4 - Caldari Navy Assembly Plant
2022.11.08 23:54,2,Hammerhead I,"23,180 ISK","-46,360 ISK",Ranna,Jita IV - Moon 4 - Caldari Navy Assembly Plant
2022.11.08 23:54,1,Standard L,"20,100 ISK","-20,100 ISK",Ranna,Jita IV - Moon 4 - Caldari Navy Assembly Plant
2022.11.08 23:54,3,Hammerhead I,"23,180 ISK","-69,540 ISK",Cronaxis,Jita IV - Moon 4 - Caldari Navy Assembly Plant
2022.11.08 23:44,1,Hammerhead I,"23,180 ISK","-23,180 ISK",Evylrune IskHunt,Jita IV - Moon 4 - Caldari Navy Assembly Plant
2022.11.08 23:43,59,Hornet EC-300,"6,009 ISK","-354,531 ISK",Master Azrael Trild,Jita IV - Moon 4 - Caldari Navy Assembly Plant
2022.11.08 23:42,3,Gamma S,"3,128 ISK","-9,384 ISK",Evylrune IskHunt,Jita IV - Moon 4 - Caldari Navy Assembly Plant
2022.11.08 23:42,2,Hammerhead I,"23,180 ISK","-46,360 ISK",Kyoshi Asques,Jita IV - Moon 4 - Caldari Navy Assembly Plant
2022.11.08 23:42,1,Gamma S,"3,128 ISK","-3,128 ISK",Kyoshi Asques,Jita IV - Moon 4 - Caldari Navy Assembly Plant
2022.11.08 23:32,1,Hammerhead I,"23,180 ISK","-23,180 ISK",solid memes,Jita IV - Moon 4 - Caldari Navy Assembly Plant
2022.11.08 23:22,5,Hornet EC-300,"6,009 ISK","-30,045 ISK",Rahakan Flynn,Jita IV - Moon 4 - Caldari Navy Assembly Plant
2022.11.08 23:22,1,Deluge Enduring Burst Jammer,"5,506 ISK","-5,506 ISK",UFO2,Jita IV - Moon 4 - Caldari Navy Assembly Plant
2022.11.08 23:18,1,Deluge Enduring Burst Jammer,"5,506 ISK","-5,506 ISK",Layhell,Jita IV - Moon 4 - Caldari Navy Assembly Plant
2022.11.08 23:16,1,Standard L,"20,100 ISK","-20,100 ISK",Rocketship27,Jita IV - Moon 4 - Caldari Navy Assembly Plant
2022.11.08 23:15,5,Hammerhead I,"23,180 ISK","-115,900 ISK",woods gold,Jita IV - Moon 4 - Caldari Navy Assembly Plant
2022.11.08 23:09,6,Heavy Assault Missile Launcher I,"27,970 ISK","-167,820 ISK",DEADPIXEL81,Jita IV - Moon 4 - Caldari Navy Assembly Plant
2022.11.08 23:07,5,Hornet EC-300,"6,009 ISK","-30,045 ISK",Ter Melodra,Jita IV - Moon 4 - Caldari Navy Assembly Plant
2022.11.08 23:02,1,Deluge Enduring Burst Jammer,"5,506 ISK","-5,506 ISK",Krylance Orphen,Jita IV - Moon 4 - Caldari Navy Assembly Plant
2022.11.08 23:02,1,Deluge Enduring Burst Jammer,"5,506 ISK","-5,506 ISK",Vaun Kado,Jita IV - Moon 4 - Caldari Navy Assembly Plant
2022.11.08 23:01,2,Hornet EC-300,"6,009 ISK","-12,018 ISK",Smokey Swamp,Jita IV - Moon 4 - Caldari Navy Assembly Plant
2022.11.08 22:54,1,Gamma S,"3,128 ISK","-3,128 ISK",lASOLEG,Jita IV - Moon 4 - Caldari Navy Assembly Plant
2022.11.08 22:47,5,Hornet EC-300,"6,009 ISK","-30,045 ISK",Ter Melodra,Jita IV - Moon 4 - Caldari Navy Assembly Plant
2022.11.08 22:47,1,Deluge Enduring Burst Jammer,"5,506 ISK","-5,506 ISK",Prassidico,Jita IV - Moon 4 - Caldari Navy Assembly Plant
2022.11.08 22:44,1,Hammerhead I,"23,180 ISK","-23,180 ISK",sloomer,Jita IV - Moon 4 - Caldari Navy Assembly Plant
2022.11.08 22:44,1,Hammerhead I,"23,180 ISK","-23,180 ISK",sloomer,Jita IV - Moon 4 - Caldari Navy Assembly Plant
2022.11.08 22:44,1,Hammerhead I,"23,180 ISK","-23,180 ISK",sloomer,Jita IV - Moon 4 - Caldari Navy Assembly Plant
2022.11.08 22:42,30,Crash,8 ISK,-242 ISK,Ralaga,Jita IV - Moon 4 - Caldari Navy Assembly Plant
2022.11.08 22:36,10,Hornet EC-300,"6,009 ISK","-60,090 ISK",cuteness,Jita IV - Moon 4 - Caldari Navy Assembly Plant
2022.11.08 22:35,1,Deluge Enduring Burst Jammer,"5,506 ISK","-5,506 ISK",Canis Majoris I,Jita IV - Moon 4 - Caldari Navy Assembly Plant
2022.11.08 22:34,1,Deluge Enduring Burst Jammer,"5,506 ISK","-5,506 ISK",vandros Semah,Jita IV - Moon 4 - Caldari Navy Assembly Plant
2022.11.08 22:34,1,Hammerhead I,"23,180 ISK","-23,180 ISK",vandros Semah,Jita IV - Moon 4 - Caldari Navy Assembly Plant
2022.11.08 22:34,1,Gamma S,"3,128 ISK","-3,128 ISK",vandros Semah,Jita IV - Moon 4 - Caldari Navy Assembly Plant
2022.11.08 22:34,1,Standard L,"20,100 ISK","-20,100 ISK",vandros Semah,Jita IV - Moon 4 - Caldari Navy Assembly Plant
2022.11.08 22:32,10,Hornet EC-300,"6,009 ISK","-60,090 ISK",Srba Razorni,Jita IV - Moon 4 - Caldari Navy Assembly Plant
2022.11.08 22:31,5,Hornet EC-300,"6,009 ISK","-30,045 ISK",Assassin X Shadow,Jita IV - Moon 4 - Caldari Navy Assembly Plant
2022.11.08 22:30,1,Gamma S,"3,128 ISK","-3,128 ISK",Angelus67,Jita IV - Moon 4 - Caldari Navy Assembly Plant
2022.11.08 22:29,2,Deluge Enduring Burst Jammer,"5,506 ISK","-11,012 ISK",Angelus67,Jita IV - Moon 4 - Caldari Navy Assembly Plant
2022.11.08 22:27,3,Standard L,"20,100 ISK","-60,300 ISK",Angelus67,Jita IV - Moon 4 - Caldari Navy Assembly Plant
2022.11.08 22:26,5,Hornet EC-300,"6,009 ISK","-30,045 ISK",Anaander Mianarii,Jita IV - Moon 4 - Caldari Navy Assembly Plant
2022.11.08 22:26,7,Hammerhead I,"23,180 ISK","-162,260 ISK",Anaander Mianarii,Jita IV - Moon 4 - Caldari Navy Assembly Plant
2022.11.08 22:25,1,Deluge Enduring Burst Jammer,"5,506 ISK","-5,506 ISK",Ishumitsu,Jita IV - Moon 4 - Caldari Navy Assembly Plant
2022.11.08 22:24,3,Standard L,"20,100 ISK","-60,300 ISK",Ishumitsu,Jita IV - Moon 4 - Caldari Navy Assembly Plant
2022.11.08 22:24,1,Gamma S,"3,128 ISK","-3,128 ISK",Ishumitsu,Jita IV - Moon 4 - Caldari Navy Assembly Plant
2022.11.08 22:04,5,Hornet EC-300,"6,009 ISK","-30,045 ISK",Elkie Zpittvar,Jita IV - Moon 4 - Caldari Navy Assembly Plant
2022.11.08 21:58,1,Gamma S,"3,128 ISK","-3,128 ISK",Chris Lecroix,Jita IV - Moon 4 - Caldari Navy Assembly Plant
2022.11.08 21:57,5,Hornet EC-300,"6,009 ISK","-30,045 ISK",Garad Martar,Jita IV - Moon 4 - Caldari Navy Assembly Plant
2022.11.08 21:56,1,Hammerhead I,"23,180 ISK","-23,180 ISK",Ambralex Tenebris,Jita IV - Moon 4 - Caldari Navy Assembly Plant
2022.11.08 21:52,1,Hammerhead I,"23,180 ISK","-23,180 ISK",Colosera Heldicon,Jita IV - Moon 4 - Caldari Navy Assembly Plant
2022.11.08 21:50,1,Hammerhead I,"23,180 ISK","-23,180 ISK",Brucss Aivo,Jita IV - Moon 4 - Caldari Navy Assembly Plant
2022.11.08 21:49,1,Gamma S,"3,128 ISK","-3,128 ISK",Atlas Corinno,Jita IV - Moon 4 - Caldari Navy Assembly Plant
2022.11.08 21:49,4,Hammerhead I,"23,180 ISK","-92,720 ISK",Atlas Corinno,Jita IV - Moon 4 - Caldari Navy Assembly Plant
2022.11.08 21:45,1,F-90 Compact Sensor Booster,"3,200 ISK","-3,200 ISK",IMerfiI,Jita IV - Moon 4 - Caldari Navy Assembly Plant
2022.11.08 21:44,1,F-90 Compact Sensor Booster,"3,200 ISK","-3,200 ISK",Engineer II,Jita IV - Moon 4 - Caldari Navy Assembly Plant
2022.11.08 21:43,4,Hammerhead I,"23,180 ISK","-92,720 ISK",Duplikus Drako,Jita IV - Moon 4 - Caldari Navy Assembly Plant
2022.11.08 21:43,3,F-90 Compact Sensor Booster,"3,200 ISK","-9,600 ISK",Duplikus Drako,Jita IV - Moon 4 - Caldari Navy Assembly Plant
2022.11.08 21:43,1,F-90 Compact Sensor Booster,"3,200 ISK","-3,200 ISK",Professor Kaos,Jita IV - Moon 4 - Caldari Navy Assembly Plant
2022.11.08 21:42,1,Deluge Enduring Burst Jammer,"5,506 ISK","-5,506 ISK",Alexander Shirapov,Jita IV - Moon 4 - Caldari Navy Assembly Plant
2022.11.08 21:39,2,Hammerhead I,"23,180 ISK","-46,360 ISK",Nienekaila Utrigas,Jita IV - Moon 4 - Caldari Navy Assembly Plant
2022.11.08 21:26,2,F-90 Compact Sensor Booster,"3,199 ISK","-6,398 ISK",SilverKing1,Jita IV - Moon 4 - Caldari Navy Assembly Plant
2022.11.08 21:25,13,Deluge Enduring Burst Jammer,"5,506 ISK","-71,578 ISK",Vaneaok Rottweiler87,Jita IV - Moon 4 - Caldari Navy Assembly Plant
2022.11.08 21:25,2,F-90 Compact Sensor Booster,"3,199 ISK","-6,398 ISK",Heiram Sakara,Jita IV - Moon 4 - Caldari Navy Assembly Plant
2022.11.08 21:17,50,Hornet EC-300,"6,009 ISK","-300,450 ISK",Maagnum PI Uitra,Jita IV - Moon 4 - Caldari Navy Assembly Plant
2022.11.08 21:09,5,Hornet EC-300,"6,009 ISK","-30,045 ISK",Zakar Dubrosk,Jita IV - Moon 4 - Caldari Navy Assembly Plant
2022.11.08 21:06,2,Hornet EC-300,"6,009 ISK","-12,018 ISK",Fortuna Talvanen,Jita IV - Moon 4 - Caldari Navy Assembly Plant
2022.11.08 21:05,10,Crash,8 ISK,-80 ISK,GoDru,Jita IV - Moon 4 - Caldari Navy Assembly Plant
2022.11.08 20:58,1,Gamma S,"3,128 ISK","-3,128 ISK",Moe Jlemo,Jita IV - Moon 4 - Caldari Navy Assembly Plant
2022.11.08 20:52,35,Hornet EC-300,"6,009 ISK","-210,315 ISK",Sathil X,Jita IV - Moon 4 - Caldari Navy Assembly Plant
2022.11.08 20:48,10,Hornet EC-300,"6,009 ISK","-60,090 ISK",Cyclone Air,Jita IV - Moon 4 - Caldari Navy Assembly Plant
2022.11.08 20:44,3,F-90 Compact Sensor Booster,"3,197 ISK","-9,591 ISK",Presely Obannon,Jita IV - Moon 4 - Caldari Navy Assembly Plant
2022.11.08 20:37,1,F-90 Compact Sensor Booster,"3,197 ISK","-3,197 ISK",Defius Martel,Jita IV - Moon 4 - Caldari Navy Assembly Plant
2022.11.08 20:37,1,F-90 Compact Sensor Booster,"3,197 ISK","-3,197 ISK",Defius Martel,Jita IV - Moon 4 - Caldari Navy Assembly Plant
2022.11.08 20:36,1,Gamma S,"3,128 ISK","-3,128 ISK",Defius Martel,Jita IV - Moon 4 - Caldari Navy Assembly Plant
2022.11.08 20:36,1,Gamma S,"3,128 ISK","-3,128 ISK",Defius Martel,Jita IV - Moon 4 - Caldari Navy Assembly Plant
2022.11.08 20:35,1,F-90 Compact Sensor Booster,"3,197 ISK","-3,197 ISK",LoliProtector,Jita IV - Moon 4 - Caldari Navy Assembly Plant
2022.11.08 20:34,1,Standard L,"20,080 ISK","-20,080 ISK",Alexander Aurilen,Jita IV - Moon 4 - Caldari Navy Assembly Plant
2022.11.08 20:33,5,Hornet EC-300,"6,009 ISK","-30,045 ISK",Silverfox Muramasa,Jita IV - Moon 4 - Caldari Navy Assembly Plant
2022.11.08 20:32,1,Gamma S,"3,128 ISK","-3,128 ISK",Shir Valla'h,Jita IV - Moon 4 - Caldari Navy Assembly Plant
2022.11.08 20:32,1,Standard L,"20,080 ISK","-20,080 ISK",Shir Valla'h,Jita IV - Moon 4 - Caldari Navy Assembly Plant
2022.11.08 20:32,1,F-90 Compact Sensor Booster,"3,197 ISK","-3,197 ISK",Shir Valla'h,Jita IV - Moon 4 - Caldari Navy Assembly Plant
2022.11.08 20:32,1,F-90 Compact Sensor Booster,"3,197 ISK","-3,197 ISK",Hasin Mishi,Jita IV - Moon 4 - Caldari Navy Assembly Plant
2022.11.08 20:29,1,F-90 Compact Sensor Booster,"3,197 ISK","-3,197 ISK",Vada Ross,Jita IV - Moon 4 - Caldari Navy Assembly Plant
2022.11.08 20:29,1,F-90 Compact Sensor Booster,"3,197 ISK","-3,197 ISK",Layhell,Jita IV - Moon 4 - Caldari Navy Assembly Plant
2022.11.08 20:26,268,Hornet EC-300,"6,009 ISK","-1,610,412 ISK",Wreck Impi,Jita IV - Moon 4 - Caldari Navy Assembly Plant
2022.11.08 20:25,4,Gamma S,"3,128 ISK","-12,512 ISK",Hive Overmind,Jita IV - Moon 4 - Caldari Navy Assembly Plant
2022.11.08 20:22,8,F-90 Compact Sensor Booster,"3,197 ISK","-25,576 ISK",Vaneaok Rottweiler87,Jita IV - Moon 4 - Caldari Navy Assembly Plant
2022.11.08 20:20,2,Standard L,"20,080 ISK","-40,160 ISK",travonius,Jita IV - Moon 4 - Caldari Navy Assembly Plant
2022.11.08 20:17,1,Gamma S,"3,128 ISK","-3,128 ISK",Neo Tronsis,Jita IV - Moon 4 - Caldari Navy Assembly Plant
2022.11.08 20:12,5,Hornet EC-300,"6,009 ISK","-30,045 ISK",Jade Swift,Jita IV - Moon 4 - Caldari Navy Assembly Plant
2022.11.08 20:10,20,Hornet EC-300,"6,009 ISK","-120,180 ISK",Ganos Rova,Jita IV - Moon 4 - Caldari Navy Assembly Plant
2022.11.08 20:09,"2,000",Caldari Navy Inferno Rocket,622 ISK,"-1,244,000 ISK",Yvette Tobooran,Jita IV - Moon 4 - Caldari Navy Assembly Plant
2022.11.08 20:07,42,Hornet EC-300,"6,009 ISK","-252,378 ISK",Yvette Tobooran,Jita IV - Moon 4 - Caldari Navy Assembly Plant
2022.11.08 20:06,1,F-90 Compact Sensor Booster,"3,197 ISK","-3,197 ISK",Yvette Tobooran,Jita IV - Moon 4 - Caldari Navy Assembly Plant
2022.11.08 20:05,1,Hornet EC-300,"6,009 ISK","-6,009 ISK",Sarah Gingertail,Jita IV - Moon 4 - Caldari Navy Assembly Plant
2022.11.08 20:05,1,Hornet EC-300,"6,009 ISK","-6,009 ISK",Sarah Gingertail,Jita IV - Moon 4 - Caldari Navy Assembly Plant
2022.11.08 20:05,1,Hornet EC-300,"6,009 ISK","-6,009 ISK",Sarah Gingertail,Jita IV - Moon 4 - Caldari Navy Assembly Plant
2022.11.08 20:05,1,Hornet EC-300,"6,009 ISK","-6,009 ISK",Sarah Gingertail,Jita IV - Moon 4 - Caldari Navy Assembly Plant
2022.11.08 20:05,1,Hornet EC-300,"6,009 ISK","-6,009 ISK",Sarah Gingertail,Jita IV - Moon 4 - Caldari Navy Assembly Plant
2022.11.08 20:05,1,Deluge Enduring Burst Jammer,"5,504 ISK","-5,504 ISK",Alexander Shirapov,Jita IV - Moon 4 - Caldari Navy Assembly Plant
2022.11.08 20:05,1,Deluge Enduring Burst Jammer,"5,504 ISK","-5,504 ISK",mmitche,Jita IV - Moon 4 - Caldari Navy Assembly Plant
2022.11.08 20:04,23,F-90 Compact Sensor Booster,"3,197 ISK","-73,531 ISK",Mihon Atram,Jita IV - Moon 4 - Caldari Navy Assembly Plant
2022.11.08 20:01,1,F-90 Compact Sensor Booster,"3,197 ISK","-3,197 ISK",ForceEquals,Jita IV - Moon 4 - Caldari Navy Assembly Plant
2022.11.08 20:00,1,F-90 Compact Sensor Booster,"3,197 ISK","-3,197 ISK",Julia D Ream,Jita IV - Moon 4 - Caldari Navy Assembly Plant
2022.11.08 19:58,1,F-90 Compact Sensor Booster,"3,197 ISK","-3,197 ISK",Putamarian,Jita IV - Moon 4 - Caldari Navy Assembly Plant
2022.11.08 19:55,2,F-90 Compact Sensor Booster,"3,197 ISK","-6,394 ISK",Star Fokker,Jita IV - Moon 4 - Caldari Navy Assembly Plant
2022.11.08 19:55,1,F-90 Compact Sensor Booster,"3,197 ISK","-3,197 ISK",Stormswirl,Jita IV - Moon 4 - Caldari Navy Assembly Plant
2022.11.08 19:52,1,F-90 Compact Sensor Booster,"3,197 ISK","-3,197 ISK",Supercell Lighning,Jita IV - Moon 4 - Caldari Navy Assembly Plant
2022.11.08 19:52,1,F-90 Compact Sensor Booster,"3,197 ISK","-3,197 ISK",Supercell Lighning,Jita IV - Moon 4 - Caldari Navy Assembly Plant
2022.11.08 19:52,1,F-90 Compact Sensor Booster,"3,197 ISK","-3,197 ISK",Supercell Lighning,Jita IV - Moon 4 - Caldari Navy Assembly Plant
2022.11.08 19:51,1,F-90 Compact Sensor Booster,"3,197 ISK","-3,197 ISK",GroxLol,Jita IV - Moon 4 - Caldari Navy Assembly Plant
2022.11.08 19:49,1,F-90 Compact Sensor Booster,"3,197 ISK","-3,197 ISK",Waluigi,Jita IV - Moon 4 - Caldari Navy Assembly Plant
2022.11.08 19:49,10,Crash,8 ISK,-80 ISK,WolfSpace Virgon,Jita IV - Moon 4 - Caldari Navy Assembly Plant
2022.11.08 19:47,1,Hornet EC-300,"6,009 ISK","-6,009 ISK",VanderBijl,Jita IV - Moon 4 - Caldari Navy Assembly Plant
2022.11.08 19:43,1,Deluge Enduring Burst Jammer,"5,504 ISK","-5,504 ISK",Sot Fenix,Jita IV - Moon 4 - Caldari Navy Assembly Plant
2022.11.08 19:43,1,F-90 Compact Sensor Booster,"3,197 ISK","-3,197 ISK",Sot Fenix,Jita IV - Moon 4 - Caldari Navy Assembly Plant
2022.11.08 19:39,1,F-90 Compact Sensor Booster,"3,197 ISK","-3,197 ISK",Jakob Smith's,Jita IV - Moon 4 - Caldari Navy Assembly Plant
2022.11.08 19:19,450,Caldari Navy Inferno Rocket,622 ISK,"-279,900 ISK",Antony Parker,Jita IV - Moon 4 - Caldari Navy Assembly Plant
2022.11.08 19:12,140,Caldari Navy Inferno Rocket,622 ISK,"-87,080 ISK",Samhael,Jita IV - Moon 4 - Caldari Navy Assembly Plant
2022.11.08 19:05,1,Gamma S,"3,128 ISK","-3,128 ISK",Oberon Harkonen,Jita IV - Moon 4 - Caldari Navy Assembly Plant
2022.11.08 19:04,2,Gamma S,"3,128 ISK","-6,256 ISK",Xcorphius,Jita IV - Moon 4 - Caldari Navy Assembly Plant
2022.11.08 19:04,1,Gamma S,"3,128 ISK","-3,128 ISK",Xcorphius,Jita IV - Moon 4 - Caldari Navy Assembly Plant
2022.11.08 18:35,1,Gamma S,"3,128 ISK","-3,128 ISK",Kammer Zwei,Jita IV - Moon 4 - Caldari Navy Assembly Plant
2022.11.08 18:23,1,Gamma S,"3,128 ISK","-3,128 ISK",Pomana Kumamato,Jita IV - Moon 4 - Caldari Navy Assembly Plant
2022.11.08 18:15,1,Standard L,"20,080 ISK","-20,080 ISK",Bhothur Ezion Nahrnid,Jita IV - Moon 4 - Caldari Navy Assembly Plant
2022.11.08 18:14,1,Gamma S,"3,128 ISK","-3,128 ISK",Bhothur Ezion Nahrnid,Jita IV - Moon 4 - Caldari Navy Assembly Plant
2022.11.08 18:13,1,Talocan Automation Accounts,"3,014 ISK","-3,014 ISK",David Xavier Rothchild,Jita IV - Moon 4 - Caldari Navy Assembly Plant
2022.11.08 18:12,3,Standard L,"20,080 ISK","-60,240 ISK",Jill Taylor,Jita IV - Moon 4 - Caldari Navy Assembly Plant
2022.11.08 18:06,1,Gamma S,"3,128 ISK","-3,128 ISK",Nick Simper,Jita IV - Moon 4 - Caldari Navy Assembly Plant
2022.11.08 18:05,100,Caldari Navy Inferno Rocket,622 ISK,"-62,200 ISK",Jakob Smith's,Jita IV - Moon 4 - Caldari Navy Assembly Plant
2022.11.08 18:04,2,Talocan Automation Accounts,"3,014 ISK","-6,028 ISK",Nodonn Jai,Jita IV - Moon 4 - Caldari Navy Assembly Plant
2022.11.08 17:47,1,Gamma S,"3,128 ISK","-3,128 ISK",Grivo Niro,Jita IV - Moon 4 - Caldari Navy Assembly Plant
2022.11.08 17:44,163,Gamma S,"3,128 ISK","-509,864 ISK",Guess whop,Jita IV - Moon 4 - Caldari Navy Assembly Plant
2022.11.08 17:31,300,Evasive Maneuvers Charge,404 ISK,"-121,200 ISK",Iliandr Rider,Jita IV - Moon 4 - Caldari Navy Assembly Plant
2022.11.08 17:28,177,Evasive Maneuvers Charge,404 ISK,"-71,508 ISK",Tusia Ereda,Jita IV - Moon 4 - Caldari Navy Assembly Plant
2022.11.08 17:05,1,Gamma S,"3,128 ISK","-3,128 ISK",Raaver,Jita IV - Moon 4 - Caldari Navy Assembly Plant
2022.11.08 17:05,1,Gamma S,"3,128 ISK","-3,128 ISK",Zarya OWP,Jita IV - Moon 4 - Caldari Navy Assembly Plant
2022.11.08 17:02,1,Talocan Automation Accounts,"3,014 ISK","-3,014 ISK",quecke,Jita IV - Moon 4 - Caldari Navy Assembly Plant
2022.11.08 16:58,1,Talocan Automation Accounts,"3,014 ISK","-3,014 ISK",Pan Klobaska,Jita IV - Moon 4 - Caldari Navy Assembly Plant
2022.11.08 16:44,1,Hammerhead I,"23,140 ISK","-23,140 ISK",Daniil Levitskiy,Jita IV - Moon 4 - Caldari Navy Assembly Plant
2022.11.08 16:43,"8,478",Caldari Navy Inferno Rocket,622 ISK,"-5,273,316 ISK",Jayden James,Jita IV - Moon 4 - Caldari Navy Assembly Plant
2022.11.08 16:43,377,Mjolnir Precision Heavy Missile,275 ISK,"-103,750 ISK",Jayden James,Jita IV - Moon 4 - Caldari Navy Assembly Plant
2022.11.08 16:38,2,Hammerhead I,"23,140 ISK","-46,280 ISK",Pierre Duche,Jita IV - Moon 4 - Caldari Navy Assembly Plant
2022.11.08 16:38,1,Hammerhead I,"23,140 ISK","-23,140 ISK",MasterRif,Jita IV - Moon 4 - Caldari Navy Assembly Plant
2022.11.08 16:38,1,Hammerhead I,"23,140 ISK","-23,140 ISK",MasterRif,Jita IV - Moon 4 - Caldari Navy Assembly Plant
2022.11.08 16:38,1,Hammerhead I,"23,140 ISK","-23,140 ISK",MasterRif,Jita IV - Moon 4 - Caldari Navy Assembly Plant
2022.11.08 16:38,1,Hammerhead I,"23,140 ISK","-23,140 ISK",MasterRif,Jita IV - Moon 4 - Caldari Navy Assembly Plant
2022.11.08 16:35,2,Gamma S,"3,128 ISK","-6,256 ISK",Dvicha,Jita IV - Moon 4 - Caldari Navy Assembly Plant
2022.11.08 16:34,1,Talocan Automation Accounts,"3,014 ISK","-3,014 ISK",DImanti Ichinumi,Jita IV - Moon 4 - Caldari Navy Assembly Plant
2022.11.08 16:22,360,Hammerhead I,"23,140 ISK","-8,330,400 ISK",Jayden James,Jita IV - Moon 4 - Caldari Navy Assembly Plant
2022.11.08 16:17,13,Hammerhead I,"23,140 ISK","-300,820 ISK",Inechet,Jita IV - Moon 4 - Caldari Navy Assembly Plant
2022.11.08 16:16,6,Gamma S,"3,128 ISK","-18,768 ISK",Darion Shepard,Jita IV - Moon 4 - Caldari Navy Assembly Plant
2022.11.08 16:15,1,Talocan Automation Accounts,"3,014 ISK","-3,014 ISK",Werdinant,Jita IV - Moon 4 - Caldari Navy Assembly Plant
2022.11.08 16:11,10,Hammerhead I,"23,140 ISK","-231,400 ISK",Orrion the Kitsune,Jita IV - Moon 4 - Caldari Navy Assembly Plant
2022.11.08 16:08,1,Hammerhead I,"23,140 ISK","-23,140 ISK",Kenta Kasenumi,Jita IV - Moon 4 - Caldari Navy Assembly Plant
2022.11.08 16:05,2,Hammerhead I,"23,140 ISK","-46,280 ISK",barsik zn,Jita IV - Moon 4 - Caldari Navy Assembly Plant
2022.11.08 16:01,20,Crash,8 ISK,-161 ISK,Colosera Heldicon,Jita IV - Moon 4 - Caldari Navy Assembly Plant
2022.11.08 15:58,"2,600",Evasive Maneuvers Charge,404 ISK,"-1,050,400 ISK",Nuglord,Jita IV - Moon 4 - Caldari Navy Assembly Plant
2022.11.08 15:57,18,Hammerhead I,"23,140 ISK","-416,520 ISK",Wilhelm Kuchelbekker,Jita IV - Moon 4 - Caldari Navy Assembly Plant
2022.11.08 15:50,119,Heavy Assault Missile Launcher I,"25,650 ISK","-3,052,350 ISK",Jayden James,Jita IV - Moon 4 - Caldari Navy Assembly Plant
2022.11.08 15:36,678,Evasive Maneuvers Charge,404 ISK,"-273,912 ISK",evil B'stard,Jita IV - Moon 4 - Caldari Navy Assembly Plant
2022.11.08 15:36,300,Evasive Maneuvers Charge,404 ISK,"-121,200 ISK",evil B'stard,Jita IV - Moon 4 - Caldari Navy Assembly Plant
2022.11.08 15:34,1,Hammerhead I,"23,140 ISK","-23,140 ISK",Ultrick Bimbrun,Jita IV - Moon 4 - Caldari Navy Assembly Plant
2022.11.08 15:31,"1,000",Evasive Maneuvers Charge,404 ISK,"-404,000 ISK",NurseBob,Jita IV - Moon 4 - Caldari Navy Assembly Plant
2022.11.08 15:29,1,Gamma S,"3,128 ISK","-3,128 ISK",Filia Tennouoboshi,Jita IV - Moon 4 - Caldari Navy Assembly Plant
2022.11.08 15:27,2,Hammerhead I,"23,140 ISK","-46,280 ISK",Filia Tennouoboshi,Jita IV - Moon 4 - Caldari Navy Assembly Plant
2022.11.08 15:21,1,Gamma S,"3,128 ISK","-3,128 ISK",Caldari Citizen 2120121276,Jita IV - Moon 4 - Caldari Navy Assembly Plant
2022.11.08 15:19,30,Crash,8 ISK,-241 ISK,val orion,Jita IV - Moon 4 - Caldari Navy Assembly Plant
2022.11.08 14:55,1,Hammerhead I,"23,140 ISK","-23,140 ISK",Haap,Jita IV - Moon 4 - Caldari Navy Assembly Plant
2022.11.08 14:54,1,Talocan Automation Accounts,"3,014 ISK","-3,014 ISK",Haap,Jita IV - Moon 4 - Caldari Navy Assembly Plant
2022.11.08 14:53,5,Hammerhead I,"23,140 ISK","-115,700 ISK",IMerfiI,Jita IV - Moon 4 - Caldari Navy Assembly Plant
2022.11.08 14:51,6,Hammerhead I,"23,140 ISK","-138,840 ISK",Karin Aylet,Jita IV - Moon 4 - Caldari Navy Assembly Plant
2022.11.08 14:43,300,Evasive Maneuvers Charge,404 ISK,"-121,200 ISK",The Plevis,Jita IV - Moon 4 - Caldari Navy Assembly Plant
2022.11.08 14:42,1,Gamma S,"3,128 ISK","-3,128 ISK",Bits Frog,Jita IV - Moon 4 - Caldari Navy Assembly Plant
2022.11.08 14:41,2,Talocan Automation Accounts,"3,014 ISK","-6,028 ISK",emmanuele,Jita IV - Moon 4 - Caldari Navy Assembly Plant
2022.11.08 14:41,1,Takmahl Cohere Cord,"10,150 ISK","-10,150 ISK",emmanuele,Jita IV - Moon 4 - Caldari Navy Assembly Plant
2022.11.08 14:41,1,Hammerhead I,"23,140 ISK","-23,140 ISK",The Plevis,Jita IV - Moon 4 - Caldari Navy Assembly Plant
2022.11.08 14:41,1,Hammerhead I,"23,140 ISK","-23,140 ISK",The Plevis,Jita IV - Moon 4 - Caldari Navy Assembly Plant
2022.11.08 14:41,1,Hammerhead I,"23,140 ISK","-23,140 ISK",The Plevis,Jita IV - Moon 4 - Caldari Navy Assembly Plant
2022.11.08 14:40,2,F-90 Compact Sensor Booster,"3,193 ISK","-6,386 ISK",Karin Aylet,Jita IV - Moon 4 - Caldari Navy Assembly Plant
2022.11.08 14:39,10,Crash,8 ISK,-80 ISK,Garmex,Jita IV - Moon 4 - Caldari Navy Assembly Plant
2022.11.08 14:33,1,Talocan Reflective Sheets,"7,768 ISK","-7,768 ISK",Brain Wash,Jita IV - Moon 4 - Caldari Navy Assembly Plant
2022.11.08 14:33,2,Talocan Reflective Sheets,"7,768 ISK","-15,536 ISK",Ayumi Cesaille,Jita IV - Moon 4 - Caldari Navy Assembly Plant
2022.11.08 14:31,2,Gamma S,"3,128 ISK","-6,256 ISK",TheGreatOld One,Jita IV - Moon 4 - Caldari Navy Assembly Plant
2022.11.08 14:29,1,F-90 Compact Sensor Booster,"3,193 ISK","-3,193 ISK",Luna Coldstar,Jita IV - Moon 4 - Caldari Navy Assembly Plant
2022.11.08 14:25,7,Hammerhead I,"23,140 ISK","-161,980 ISK",CucumberFractal,Jita IV - Moon 4 - Caldari Navy Assembly Plant
2022.11.08 14:18,2,Hammerhead I,"23,140 ISK","-46,280 ISK",first zelephe,Jita IV - Moon 4 - Caldari Navy Assembly Plant
2022.11.08 14:18,2,Gamma S,"3,128 ISK","-6,256 ISK",first zelephe,Jita IV - Moon 4 - Caldari Navy Assembly Plant
2022.11.08 14:18,1,Gamma S,"3,128 ISK","-3,128 ISK",Luna Coldstar,Jita IV - Moon 4 - Caldari Navy Assembly Plant
2022.11.08 14:17,1,Hammerhead I,"23,140 ISK","-23,140 ISK",Broshenui Arhangel,Jita IV - Moon 4 - Caldari Navy Assembly Plant
2022.11.08 14:17,1,Hammerhead I,"23,140 ISK","-23,140 ISK",Broshenui Arhangel,Jita IV - Moon 4 - Caldari Navy Assembly Plant
2022.11.08 14:15,1,F-90 Compact Sensor Booster,"3,193 ISK","-3,193 ISK",Anilista Manka Ichinumi,Jita IV - Moon 4 - Caldari Navy Assembly Plant
2022.11.08 14:14,3,Decayed Magnetic Field Stabilizer Mutaplasmid,"126,000 ISK","-378,000 ISK",The Dipstick,Jita IV - Moon 4 - Caldari Navy Assembly Plant
2022.11.08 14:10,6,Hammerhead I,"23,140 ISK","-138,840 ISK",Khal Khumer,Jita IV - Moon 4 - Caldari Navy Assembly Plant
2022.11.08 14:06,2,Talocan Automation Accounts,"3,014 ISK","-6,028 ISK",Djack24,Jita IV - Moon 4 - Caldari Navy Assembly Plant
2022.11.08 14:05,3,Hammerhead I,"23,140 ISK","-69,420 ISK",Maja Strojek,Jita IV - Moon 4 - Caldari Navy Assembly Plant
2022.11.08 14:05,1,Hammerhead I,"23,140 ISK","-23,140 ISK",Maja Strojek,Jita IV - Moon 4 - Caldari Navy Assembly Plant
2022.11.08 14:05,1,Hammerhead I,"23,140 ISK","-23,140 ISK",Maja Strojek,Jita IV - Moon 4 - Caldari Navy Assembly Plant
2022.11.08 14:05,1,Hammerhead I,"23,140 ISK","-23,140 ISK",Maja Strojek,Jita IV - Moon 4 - Caldari Navy Assembly Plant
2022.11.08 14:02,3,Gamma S,"3,128 ISK","-9,384 ISK",HZ-saman002,Jita IV - Moon 4 - Caldari Navy Assembly Plant
2022.11.08 14:00,1,F-90 Compact Sensor Booster,"3,193 ISK","-3,193 ISK",Chaplain 0931,Jita IV - Moon 4 - Caldari Navy Assembly Plant
2022.11.08 13:59,"98,360",Mjolnir Precision Heavy Missile,275 ISK,"-27,068,672 ISK",Right Knightt,Jita IV - Moon 4 - Caldari Navy Assembly Plant
2022.11.08 13:59,1,Hammerhead I,"23,140 ISK","-23,140 ISK",Right Knightt,Jita IV - Moon 4 - Caldari Navy Assembly Plant
2022.11.08 13:57,1,F-90 Compact Sensor Booster,"3,193 ISK","-3,193 ISK",VictorVQ,Jita IV - Moon 4 - Caldari Navy Assembly Plant
2022.11.08 13:57,1,F-90 Compact Sensor Booster,"3,193 ISK","-3,193 ISK",Suuri Shi,Jita IV - Moon 4 - Caldari Navy Assembly Plant
2022.11.08 13:56,1,F-90 Compact Sensor Booster,"3,193 ISK","-3,193 ISK",Astanin Akiga,Jita IV - Moon 4 - Caldari Navy Assembly Plant
2022.11.08 13:51,1,Talocan Reflective Sheets,"7,768 ISK","-7,768 ISK",Raspevo,Jita IV - Moon 4 - Caldari Navy Assembly Plant
2022.11.08 13:51,1,Talocan Automation Accounts,"3,014 ISK","-3,014 ISK",Raspevo,Jita IV - Moon 4 - Caldari Navy Assembly Plant
2022.11.08 13:51,1,Takmahl Cohere Cord,"10,150 ISK","-10,150 ISK",Raspevo,Jita IV - Moon 4 - Caldari Navy Assembly Plant
2022.11.08 13:50,4,Hammerhead I,"23,140 ISK","-92,560 ISK",Shivaun,Jita IV - Moon 4 - Caldari Navy Assembly Plant
2022.11.08 13:39,600,Evasive Maneuvers Charge,404 ISK,"-242,400 ISK",Bashier Sunface,Jita IV - Moon 4 - Caldari Navy Assembly Plant
2022.11.08 13:38,3,Talocan Reflective Sheets,"7,768 ISK","-23,304 ISK",Bona Bedala,Jita IV - Moon 4 - Caldari Navy Assembly Plant
2022.11.08 13:38,3,Talocan Automation Accounts,"3,014 ISK","-9,042 ISK",Bona Bedala,Jita IV - Moon 4 - Caldari Navy Assembly Plant
2022.11.08 13:33,20,Crash,8 ISK,-161 ISK,Anna Xena,Jita IV - Moon 4 - Caldari Navy Assembly Plant
2022.11.08 13:33,2,Decayed Magnetic Field Stabilizer Mutaplasmid,"126,000 ISK","-252,000 ISK",Cptn Swift,Jita IV - Moon 4 - Caldari Navy Assembly Plant
2022.11.08 13:33,2,F-90 Compact Sensor Booster,"3,193 ISK","-6,386 ISK",Qwest Kado,Jita IV - Moon 4 - Caldari Navy Assembly Plant
2022.11.08 13:31,27,F-90 Compact Sensor Booster,"3,193 ISK","-86,211 ISK",Ridus,Jita IV - Moon 4 - Caldari Navy Assembly Plant
2022.11.08 13:29,2,F-90 Compact Sensor Booster,"3,193 ISK","-6,386 ISK",Anna Xena,Jita IV - Moon 4 - Caldari Navy Assembly Plant
2022.11.08 13:29,1,F-90 Compact Sensor Booster,"3,193 ISK","-3,193 ISK",DieFlut,Jita IV - Moon 4 - Caldari Navy Assembly Plant
2022.11.08 13:25,2,Takmahl Cohere Cord,"10,150 ISK","-20,300 ISK",Klos Kashuken,Jita IV - Moon 4 - Caldari Navy Assembly Plant
2022.11.08 13:24,3,Hammerhead I,"23,140 ISK","-69,420 ISK",Anna Xena,Jita IV - Moon 4 - Caldari Navy Assembly Plant
2022.11.08 13:20,1,Takmahl Cohere Cord,"10,150 ISK","-10,150 ISK",Typhon Panaka,Jita IV - Moon 4 - Caldari Navy Assembly Plant
2022.11.08 13:20,1,Gamma S,"3,128 ISK","-3,128 ISK",Anna Xena,Jita IV - Moon 4 - Caldari Navy Assembly Plant
2022.11.08 13:06,2,F-90 Compact Sensor Booster,"3,193 ISK","-6,386 ISK",Koperkapel Konayre,Jita IV - Moon 4 - Caldari Navy Assembly Plant
2022.11.08 13:02,2,Gamma S,"3,128 ISK","-6,256 ISK",STAROSTA174,Jita IV - Moon 4 - Caldari Navy Assembly Plant
2022.11.08 11:42,1,Gamma S,"3,128 ISK","-3,128 ISK",Chrizhtina,Jita IV - Moon 4 - Caldari Navy Assembly Plant
2022.11.08 10:47,2,Gamma S,"3,128 ISK","-6,256 ISK",Cook Tan,Jita IV - Moon 4 - Caldari Navy Assembly Plant
2022.11.08 10:29,2,Gamma S,"3,128 ISK","-6,256 ISK",Mihail Zhavrid,Jita IV - Moon 4 - Caldari Navy Assembly Plant
2022.11.08 09:38,1,Gamma S,"3,128 ISK","-3,128 ISK",Eclipto-4,Jita IV - Moon 4 - Caldari Navy Assembly Plant
2022.11.08 09:25,1,Gamma S,"3,128 ISK","-3,128 ISK",William Ryker II,Jita IV - Moon 4 - Caldari Navy Assembly Plant
2022.11.08 08:40,2,Gamma S,"3,128 ISK","-6,256 ISK",Nemhein Elcmar,Jita IV - Moon 4 - Caldari Navy Assembly Plant
2022.11.08 08:38,2,Gamma S,"3,128 ISK","-6,256 ISK",Violete Diamond,Jita IV - Moon 4 - Caldari Navy Assembly Plant
2022.11.08 08:07,1,Takmahl Cohere Cord,"10,120 ISK","-10,120 ISK",Rodrigo Alvares,Jita IV - Moon 4 - Caldari Navy Assembly Plant
2022.11.08 07:58,16,Advanced 'Limos' Heavy Missile Bay I,"8,545 ISK","-136,720 ISK",Benjamin batler,Jita IV - Moon 4 - Caldari Navy Assembly Plant
2022.11.08 07:48,4,Gamma S,"3,128 ISK","-12,512 ISK",Spoiled yutori1,Jita IV - Moon 4 - Caldari Navy Assembly Plant
2022.11.08 07:00,2,Gamma S,"3,128 ISK","-6,256 ISK",Maksim Evotori,Jita IV - Moon 4 - Caldari Navy Assembly Plant
2022.11.08 06:46,1,Gamma S,"3,128 ISK","-3,128 ISK",Ambetone Ellecon,Jita IV - Moon 4 - Caldari Navy Assembly Plant
2022.11.08 06:30,1,Hammerhead I,"23,120 ISK","-23,120 ISK",Eidolon BYZ,Jita IV - Moon 4 - Caldari Navy Assembly Plant
2022.11.08 06:13,1,Takmahl Cohere Cord,"10,120 ISK","-10,120 ISK",Dread Gurlstas,Jita IV - Moon 4 - Caldari Navy Assembly Plant
2022.11.08 06:03,8,Gamma S,"3,128 ISK","-25,024 ISK",Dance of Moon,Jita IV - Moon 4 - Caldari Navy Assembly Plant
2022.11.08 06:02,1,Hammerhead I,"23,120 ISK","-23,120 ISK",Paul Riposte,Jita IV - Moon 4 - Caldari Navy Assembly Plant
2022.11.08 06:01,5,Hammerhead I,"23,120 ISK","-115,600 ISK",Conditus Viper,Jita IV - Moon 4 - Caldari Navy Assembly Plant
2022.11.08 05:51,1,Hammerhead I,"23,120 ISK","-23,120 ISK",Yatuzabe Lemmont,Jita IV - Moon 4 - Caldari Navy Assembly Plant
2022.11.08 05:51,1,Hammerhead I,"23,120 ISK","-23,120 ISK",Yatuzabe Lemmont,Jita IV - Moon 4 - Caldari Navy Assembly Plant
2022.11.08 05:50,2,Standard L,"20,060 ISK","-40,120 ISK",Ugomon,Jita IV - Moon 4 - Caldari Navy Assembly Plant
2022.11.08 05:29,1,Gamma S,"3,128 ISK","-3,128 ISK",Sailen Kender,Jita IV - Moon 4 - Caldari Navy Assembly Plant
2022.11.08 05:26,6,Hammerhead I,"23,120 ISK","-138,720 ISK",masterskynet,Jita IV - Moon 4 - Caldari Navy Assembly Plant
2022.11.08 05:24,3,Takmahl Cohere Cord,"10,120 ISK","-30,360 ISK",We Honor,Jita IV - Moon 4 - Caldari Navy Assembly Plant
2022.11.08 05:20,2,Standard L,"20,060 ISK","-40,120 ISK",Lex Aihaken,Jita IV - Moon 4 - Caldari Navy Assembly Plant
2022.11.08 05:16,1,Gamma S,"3,128 ISK","-3,128 ISK",Lex Aihaken,Jita IV - Moon 4 - Caldari Navy Assembly Plant
2022.11.08 04:49,6,Hammerhead I,"23,120 ISK","-138,720 ISK",Darth Rabinovich,Jita IV - Moon 4 - Caldari Navy Assembly Plant
2022.11.08 04:40,1,Gamma S,"3,128 ISK","-3,128 ISK",Al Vami,Jita IV - Moon 4 - Caldari Navy Assembly Plant
2022.11.08 04:32,3,Gamma S,"3,128 ISK","-9,384 ISK",TwitchWillTv,Jita IV - Moon 4 - Caldari Navy Assembly Plant
2022.11.08 04:28,1,Gamma S,"3,128 ISK","-3,128 ISK",TwitchWillTv,Jita IV - Moon 4 - Caldari Navy Assembly Plant
2022.11.08 04:05,18,Hammerhead I,"23,120 ISK","-416,160 ISK",Orolo Hessmann,Jita IV - Moon 4 - Caldari Navy Assembly Plant
2022.11.08 04:02,8,Gamma S,"3,128 ISK","-25,024 ISK",Orolo Hessmann,Jita IV - Moon 4 - Caldari Navy Assembly Plant
2022.11.08 04:01,1,Gamma S,"3,128 ISK","-3,128 ISK",Alex of Haze,Jita IV - Moon 4 - Caldari Navy Assembly Plant
2022.11.08 03:59,2,Hammerhead I,"23,120 ISK","-46,240 ISK",OGH231,Jita IV - Moon 4 - Caldari Navy Assembly Plant
2022.11.08 03:54,1,Takmahl Cohere Cord,"10,120 ISK","-10,120 ISK",Kaylee Ibruin,Jita IV - Moon 4 - Caldari Navy Assembly Plant
2022.11.08 03:33,1,Hammerhead I,"23,120 ISK","-23,120 ISK",Nivrana ShadowStar,Jita IV - Moon 4 - Caldari Navy Assembly Plant
2022.11.08 03:19,1,Gamma S,"3,128 ISK","-3,128 ISK",RisingNova,Jita IV - Moon 4 - Caldari Navy Assembly Plant
2022.11.08 03:06,1,Hammerhead I,"23,120 ISK","-23,120 ISK",Lavendar Delachin,Jita IV - Moon 4 - Caldari Navy Assembly Plant
2022.11.08 03:00,4,Hammerhead I,"23,120 ISK","-92,480 ISK",Amelia Arden,Jita IV - Moon 4 - Caldari Navy Assembly Plant
2022.11.08 02:56,3,Gamma S,"3,128 ISK","-9,384 ISK",Arna MercCorps,Jita IV - Moon 4 - Caldari Navy Assembly Plant
2022.11.08 02:27,2,Hammerhead I,"23,120 ISK","-46,240 ISK",Traude Lemmont,Jita IV - Moon 4 - Caldari Navy Assembly Plant
2022.11.08 02:20,4,Hammerhead I,"23,120 ISK","-92,480 ISK",Reese Tivianne,Jita IV - Moon 4 - Caldari Navy Assembly Plant
2022.11.08 02:19,2,Hammerhead I,"23,120 ISK","-46,240 ISK",Jade Heart-Under-Blade Oshino,Jita IV - Moon 4 - Caldari Navy Assembly Plant
2022.11.08 02:19,1,Hammerhead I,"23,120 ISK","-23,120 ISK",Fimiris Thara,Jita IV - Moon 4 - Caldari Navy Assembly Plant
2022.11.08 02:07,2,Hammerhead I,"23,120 ISK","-46,240 ISK",DruidOfNight67,Jita IV - Moon 4 - Caldari Navy Assembly Plant
2022.11.08 02:07,1,Takmahl Cohere Cord,"10,120 ISK","-10,120 ISK",Jailmate,Jita IV - Moon 4 - Caldari Navy Assembly Plant
2022.11.08 02:06,1,Gamma S,"3,128 ISK","-3,128 ISK",Steelgreyed,Jita IV - Moon 4 - Caldari Navy Assembly Plant
2022.11.08 01:55,1,Hammerhead I,"23,120 ISK","-23,120 ISK",OGH231,Jita IV - Moon 4 - Caldari Navy Assembly Plant
2022.11.08 01:40,5,Hammerhead I,"23,120 ISK","-115,600 ISK",nanata ulesuto,Jita IV - Moon 4 - Caldari Navy Assembly Plant
2022.11.08 01:38,1,Gamma S,"3,128 ISK","-3,128 ISK",Tahmirali,Jita IV - Moon 4 - Caldari Navy Assembly Plant
2022.11.08 01:30,2,Talocan Intricate Formulas,"1,009 ISK","-2,018 ISK",Staraya Shkola,Jita IV - Moon 4 - Caldari Navy Assembly Plant
2022.11.08 01:30,1,Takmahl Cohere Cord,"10,120 ISK","-10,120 ISK",Staraya Shkola,Jita IV - Moon 4 - Caldari Navy Assembly Plant
2022.11.08 01:12,1,Talocan Intricate Formulas,"1,009 ISK","-1,009 ISK",Alexisis,Jita IV - Moon 4 - Caldari Navy Assembly Plant
2022.11.08 00:59,1,Hammerhead I,"23,120 ISK","-23,120 ISK",Di Paaltomo,Jita IV - Moon 4 - Caldari Navy Assembly Plant
2022.11.08 00:52,5,Gamma S,"3,128 ISK","-15,640 ISK",Yatuzabe Lemmont,Jita IV - Moon 4 - Caldari Navy Assembly Plant
2022.11.08 00:51,1,Takmahl Cohere Cord,"10,120 ISK","-10,120 ISK",Catalinna Dahfar,Jita IV - Moon 4 - Caldari Navy Assembly Plant
2022.11.08 00:50,3,Gamma S,"3,128 ISK","-9,384 ISK",William Ryker II,Jita IV - Moon 4 - Caldari Navy Assembly Plant
2022.11.08 00:42,1,Talocan Intricate Formulas,"1,009 ISK","-1,009 ISK",Aquamarine Cyanide Die,Jita IV - Moon 4 - Caldari Navy Assembly Plant
2022.11.08 00:34,2,Gamma S,"3,128 ISK","-6,256 ISK",Scottish Bamafan,Jita IV - Moon 4 - Caldari Navy Assembly Plant
2022.11.08 00:34,1,Hammerhead I,"23,120 ISK","-23,120 ISK",pirat drakar,Jita IV - Moon 4 - Caldari Navy Assembly Plant
2022.11.08 00:32,11,Hammerhead I,"23,120 ISK","-254,320 ISK",Yenne,Jita IV - Moon 4 - Caldari Navy Assembly Plant
2022.11.08 00:31,3,Gamma S,"3,128 ISK","-9,384 ISK",Yenne,Jita IV - Moon 4 - Caldari Navy Assembly Plant
2022.11.08 00:19,1,Talocan Automation Accounts,"3,011 ISK","-3,011 ISK",Norman Right,Jita IV - Moon 4 - Caldari Navy Assembly Plant
2022.11.08 00:07,2,Gamma S,"3,128 ISK","-6,256 ISK",Malissa Frostmoore,Jita IV - Moon 4 - Caldari Navy Assembly Plant
2022.11.08 00:01,1,Gamma S,"3,128 ISK","-3,128 ISK",Bhothur Ezion Nahrnid,Jita IV - Moon 4 - Caldari Navy Assembly Plant
2022.11.07 23:59,6,Hammerhead I,"23,120 ISK","-138,720 ISK",Corvus Andrard,Jita IV - Moon 4 - Caldari Navy Assembly Plant
2022.11.07 23:58,2,Hammerhead I,"23,120 ISK","-46,240 ISK",Kagamigawa Noelle,Jita IV - Moon 4 - Caldari Navy Assembly Plant
2022.11.07 23:58,50,Hammerhead I,"23,120 ISK","-1,156,000 ISK",Lexus Valentine,Jita IV - Moon 4 - Caldari Navy Assembly Plant
2022.11.07 23:51,1,Takmahl Cohere Cord,"10,120 ISK","-10,120 ISK",Dying Constantly,Jita IV - Moon 4 - Caldari Navy Assembly Plant
2022.11.07 23:36,4,Hammerhead I,"23,120 ISK","-92,480 ISK",Afane Cesaille,Jita IV - Moon 4 - Caldari Navy Assembly Plant
2022.11.07 23:34,1,Takmahl Cohere Cord,"10,120 ISK","-10,120 ISK",Athenaiss,Jita IV - Moon 4 - Caldari Navy Assembly Plant
2022.11.07 23:33,1,Hammerhead I,"23,120 ISK","-23,120 ISK",JkMurk,Jita IV - Moon 4 - Caldari Navy Assembly Plant
2022.11.07 23:33,1,Hammerhead I,"23,120 ISK","-23,120 ISK",JkMurk,Jita IV - Moon 4 - Caldari Navy Assembly Plant
2022.11.07 23:33,1,Hammerhead I,"23,120 ISK","-23,120 ISK",JkMurk,Jita IV - Moon 4 - Caldari Navy Assembly Plant
2022.11.07 23:33,1,Hammerhead I,"23,120 ISK","-23,120 ISK",JkMurk,Jita IV - Moon 4 - Caldari Navy Assembly Plant
2022.11.07 23:33,1,Hammerhead I,"23,120 ISK","-23,120 ISK",JkMurk,Jita IV - Moon 4 - Caldari Navy Assembly Plant
2022.11.07 23:33,1,Hammerhead I,"23,120 ISK","-23,120 ISK",JkMurk,Jita IV - Moon 4 - Caldari Navy Assembly Plant
2022.11.07 23:33,1,Hammerhead I,"23,120 ISK","-23,120 ISK",JkMurk,Jita IV - Moon 4 - Caldari Navy Assembly Plant
2022.11.07 23:12,1,Hammerhead I,"23,120 ISK","-23,120 ISK",Terrantus Tsurpalen,Jita IV - Moon 4 - Caldari Navy Assembly Plant
2022.11.07 22:56,1,Gamma S,"3,128 ISK","-3,128 ISK",kitahara23,Jita IV - Moon 4 - Caldari Navy Assembly Plant
2022.11.07 22:50,1,Hammerhead I,"23,120 ISK","-23,120 ISK",Roo Da'Juu,Jita IV - Moon 4 - Caldari Navy Assembly Plant
2022.11.07 22:44,1,Talocan Automation Accounts,"3,011 ISK","-3,011 ISK",Tee Kay,Jita IV - Moon 4 - Caldari Navy Assembly Plant
2022.11.07 22:44,2,Takmahl Cohere Cord,"10,120 ISK","-20,240 ISK",Tee Kay,Jita IV - Moon 4 - Caldari Navy Assembly Plant
2022.11.07 22:44,1,Gamma S,"3,128 ISK","-3,128 ISK",FlanCa Gutrippa,Jita IV - Moon 4 - Caldari Navy Assembly Plant
2022.11.07 22:38,2,Hammerhead I,"23,120 ISK","-46,240 ISK",Ambralex Tenebris,Jita IV - Moon 4 - Caldari Navy Assembly Plant
2022.11.07 22:33,1,Hammerhead I,"23,120 ISK","-23,120 ISK",Aki Rey,Jita IV - Moon 4 - Caldari Navy Assembly Plant
2022.11.07 22:33,1,Hammerhead I,"23,120 ISK","-23,120 ISK",Aki Rey,Jita IV - Moon 4 - Caldari Navy Assembly Plant
2022.11.07 22:33,1,Hammerhead I,"23,120 ISK","-23,120 ISK",Aki Rey,Jita IV - Moon 4 - Caldari Navy Assembly Plant
2022.11.07 22:33,1,Hammerhead I,"23,120 ISK","-23,120 ISK",Aki Rey,Jita IV - Moon 4 - Caldari Navy Assembly Plant
2022.11.07 22:33,1,Hammerhead I,"23,120 ISK","-23,120 ISK",Aki Rey,Jita IV - Moon 4 - Caldari Navy Assembly Plant
2022.11.07 22:31,8,Talocan Intricate Formulas,"1,009 ISK","-8,072 ISK",Kuecke Aulx-Gao,Jita IV - Moon 4 - Caldari Navy Assembly Plant
2022.11.07 22:28,1,Gamma S,"3,128 ISK","-3,128 ISK",smrkn,Jita IV - Moon 4 - Caldari Navy Assembly Plant
2022.11.07 22:27,1,Hammerhead I,"23,120 ISK","-23,120 ISK",Obsession auroral,Jita IV - Moon 4 - Caldari Navy Assembly Plant
2022.11.07 22:27,1,Hammerhead I,"23,120 ISK","-23,120 ISK",Obsession auroral,Jita IV - Moon 4 - Caldari Navy Assembly Plant
2022.11.07 22:27,1,Hammerhead I,"23,120 ISK","-23,120 ISK",Obsession auroral,Jita IV - Moon 4 - Caldari Navy Assembly Plant
2022.11.07 22:27,1,Hammerhead I,"23,120 ISK","-23,120 ISK",Obsession auroral,Jita IV - Moon 4 - Caldari Navy Assembly Plant
2022.11.07 22:27,1,Hammerhead I,"23,120 ISK","-23,120 ISK",Obsession auroral,Jita IV - Moon 4 - Caldari Navy Assembly Plant
2022.11.07 22:19,1,Gamma S,"3,128 ISK","-3,128 ISK",Aki Rey,Jita IV - Moon 4 - Caldari Navy Assembly Plant
2022.11.07 21:59,4,Hammerhead I,"23,120 ISK","-92,480 ISK",Suetashka,Jita IV - Moon 4 - Caldari Navy Assembly Plant
2022.11.07 21:59,1,Talocan Intricate Formulas,"1,009 ISK","-1,009 ISK",B0H3,Jita IV - Moon 4 - Caldari Navy Assembly Plant
2022.11.07 21:51,1,Talocan Automation Accounts,"3,011 ISK","-3,011 ISK",Dirk Pitt Jr,Jita IV - Moon 4 - Caldari Navy Assembly Plant
2022.11.07 21:51,1,Hammerhead I,"23,120 ISK","-23,120 ISK",Lyami Ki,Jita IV - Moon 4 - Caldari Navy Assembly Plant
2022.11.07 21:51,1,Hammerhead I,"23,120 ISK","-23,120 ISK",Adens Riraille,Jita IV - Moon 4 - Caldari Navy Assembly Plant
2022.11.07 21:48,4,Hammerhead I,"23,120 ISK","-92,480 ISK",Yung Kan,Jita IV - Moon 4 - Caldari Navy Assembly Plant
2022.11.07 21:44,8,Gamma S,"3,128 ISK","-25,024 ISK",Inui Saki,Jita IV - Moon 4 - Caldari Navy Assembly Plant
2022.11.07 21:39,10,Hammerhead I,"23,120 ISK","-231,200 ISK",Inui Saki,Jita IV - Moon 4 - Caldari Navy Assembly Plant
2022.11.07 21:37,4,Hammerhead I,"23,120 ISK","-92,480 ISK",Alexander Aurilen,Jita IV - Moon 4 - Caldari Navy Assembly Plant
2022.11.07 21:21,1,Hammerhead I,"23,120 ISK","-23,120 ISK",MoiKaip,Jita IV - Moon 4 - Caldari Navy Assembly Plant
2022.11.07 21:21,1,Hammerhead I,"23,120 ISK","-23,120 ISK",MoiKaip,Jita IV - Moon 4 - Caldari Navy Assembly Plant
2022.11.07 21:17,11,Gamma S,"3,128 ISK","-34,408 ISK",Deenoso Udan,Jita IV - Moon 4 - Caldari Navy Assembly Plant
2022.11.07 21:14,1,Gamma S,"3,128 ISK","-3,128 ISK",Hann Colo,Jita IV - Moon 4 - Caldari Navy Assembly Plant
2022.11.07 21:14,1,Takmahl Cohere Cord,"10,120 ISK","-10,120 ISK",100Grams ForBravery,Jita IV - Moon 4 - Caldari Navy Assembly Plant
2022.11.07 21:13,1,Talocan Intricate Formulas,"1,009 ISK","-1,009 ISK",Luciano Minestrone,Jita IV - Moon 4 - Caldari Navy Assembly Plant
2022.11.07 21:13,1,Talocan Automation Accounts,"3,011 ISK","-3,011 ISK",Luciano Minestrone,Jita IV - Moon 4 - Caldari Navy Assembly Plant
2022.11.07 21:13,1,Gamma S,"3,128 ISK","-3,128 ISK",Judy Alvarrez,Jita IV - Moon 4 - Caldari Navy Assembly Plant
2022.11.07 21:12,6,Hammerhead I,"23,120 ISK","-138,720 ISK",Deenoso Udan,Jita IV - Moon 4 - Caldari Navy Assembly Plant
2022.11.07 21:09,"1,895",Shadow Iron Charge S,15 ISK,"-28,443 ISK",Probill300mm,Jita IV - Moon 4 - Caldari Navy Assembly Plant
2022.11.07 21:09,1,Takmahl Cohere Cord,"10,120 ISK","-10,120 ISK",sear tier,Jita IV - Moon 4 - Caldari Navy Assembly Plant
2022.11.07 20:54,661,Evasive Maneuvers Charge,402 ISK,"-265,722 ISK",Axell Wilkinson,Jita IV - Moon 4 - Caldari Navy Assembly Plant
2022.11.07 20:47,1,Hammerhead I,"23,120 ISK","-23,120 ISK",Najinda,Jita IV - Moon 4 - Caldari Navy Assembly Plant
2022.11.07 20:46,"1,000",Shadow Iron Charge S,15 ISK,"-15,010 ISK",Mitakada Yotosaka,Jita IV - Moon 4 - Caldari Navy Assembly Plant
2022.11.07 20:39,4,Hammerhead I,"23,120 ISK","-92,480 ISK",Tarsonis,Jita IV - Moon 4 - Caldari Navy Assembly Plant
2022.11.07 20:37,1,Hammerhead I,"23,120 ISK","-23,120 ISK",Obon Seili,Jita IV - Moon 4 - Caldari Navy Assembly Plant
2022.11.07 20:36,8,Hammerhead I,"23,120 ISK","-184,960 ISK",Oyaran Lava Sazas,Jita IV - Moon 4 - Caldari Navy Assembly Plant
2022.11.07 20:36,1,Hammerhead I,"23,120 ISK","-23,120 ISK",Oyaran Lava Sazas,Jita IV - Moon 4 - Caldari Navy Assembly Plant
2022.11.07 20:34,150,Hammerhead I,"23,120 ISK","-3,468,000 ISK",Demei Preldent,Jita IV - Moon 4 - Caldari Navy Assembly Plant
2022.11.07 20:34,1,Gamma S,"3,128 ISK","-3,128 ISK",Tarsonis,Jita IV - Moon 4 - Caldari Navy Assembly Plant
2022.11.07 20:30,1,Talocan Automation Accounts,"3,011 ISK","-3,011 ISK",Angela Stardust Adoudel,Jita IV - Moon 4 - Caldari Navy Assembly Plant
2022.11.07 20:28,2,Hammerhead I,"23,120 ISK","-46,240 ISK",albator delawest,Jita IV - Moon 4 - Caldari Navy Assembly Plant
2022.11.07 20:27,1,Hammerhead I,"23,120 ISK","-23,120 ISK",Alexei Prizrak,Jita IV - Moon 4 - Caldari Navy Assembly Plant
2022.11.07 20:19,1,Talocan Intricate Formulas,"1,009 ISK","-1,009 ISK",Demei Preldent,Jita IV - Moon 4 - Caldari Navy Assembly Plant
2022.11.07 20:16,2,Gamma S,"3,128 ISK","-6,256 ISK",Aullin Buelle,Jita IV - Moon 4 - Caldari Navy Assembly Plant
2022.11.07 20:14,1,Hammerhead I,"23,120 ISK","-23,120 ISK",Bersecker Palm,Jita IV - Moon 4 - Caldari Navy Assembly Plant
2022.11.07 20:14,1,Hammerhead I,"23,120 ISK","-23,120 ISK",Bersecker Palm,Jita IV - Moon 4 - Caldari Navy Assembly Plant
2022.11.07 20:13,10,Hammerhead I,"23,120 ISK","-231,200 ISK",Bersecker Palm,Jita IV - Moon 4 - Caldari Navy Assembly Plant
2022.11.07 20:13,1,Hammerhead I,"23,120 ISK","-23,120 ISK",Bersecker Palm,Jita IV - Moon 4 - Caldari Navy Assembly Plant
2022.11.07 20:13,3,Hammerhead I,"23,120 ISK","-69,360 ISK",Cornelia SienHao,Jita IV - Moon 4 - Caldari Navy Assembly Plant
2022.11.07 20:11,1,Hammerhead I,"23,120 ISK","-23,120 ISK",kyshiar,Jita IV - Moon 4 - Caldari Navy Assembly Plant
2022.11.07 20:11,1,Takmahl Cohere Cord,"10,120 ISK","-10,120 ISK",Vult Skerris,Jita IV - Moon 4 - Caldari Navy Assembly Plant
2022.11.07 20:11,1,Talocan Automation Accounts,"3,011 ISK","-3,011 ISK",Vult Skerris,Jita IV - Moon 4 - Caldari Navy Assembly Plant
2022.11.07 20:09,8,Scoped Electronics,"4,655 ISK","-37,240 ISK",Sneekydead,Jita IV - Moon 4 - Caldari Navy Assembly Plant
2022.11.07 20:09,5,Hammerhead I,"23,120 ISK","-115,600 ISK",Sneekydead,Jita IV - Moon 4 - Caldari Navy Assembly Plant
2022.11.07 20:03,"2,000",Shadow Iron Charge S,15 ISK,"-30,020 ISK",babo baboom,Jita IV - Moon 4 - Caldari Navy Assembly Plant
2022.11.07 20:02,555,Evasive Maneuvers Charge,402 ISK,"-223,110 ISK",ghosty90 Mernher,Jita IV - Moon 4 - Caldari Navy Assembly Plant
2022.11.07 20:01,5,Hammerhead I,"23,120 ISK","-115,600 ISK",Baluvin,Jita IV - Moon 4 - Caldari Navy Assembly Plant
2022.11.07 20:00,1,Talocan Reflective Sheets,"7,760 ISK","-7,760 ISK",Antares Morningstar,Jita IV - Moon 4 - Caldari Navy Assembly Plant
2022.11.07 19:58,5,Gamma S,"3,128 ISK","-15,640 ISK",babo baboom,Jita IV - Moon 4 - Caldari Navy Assembly Plant
2022.11.07 19:55,1,Hammerhead I,"23,120 ISK","-23,120 ISK",Hann Colo,Jita IV - Moon 4 - Caldari Navy Assembly Plant
2022.11.07 19:54,"1,000",Shadow Iron Charge S,15 ISK,"-15,010 ISK",Bob Brag,Jita IV - Moon 4 - Caldari Navy Assembly Plant
2022.11.07 19:54,1,Gamma S,"3,128 ISK","-3,128 ISK",hybrid Haeme,Jita IV - Moon 4 - Caldari Navy Assembly Plant
2022.11.07 19:53,16,Hammerhead I,"23,120 ISK","-369,920 ISK",Sanaya Barviainen,Jita IV - Moon 4 - Caldari Navy Assembly Plant
2022.11.07 19:48,1,Talocan Reflective Sheets,"7,760 ISK","-7,760 ISK",Dhianeilia Stylus,Jita IV - Moon 4 - Caldari Navy Assembly Plant
2022.11.07 19:48,2,Takmahl Cohere Cord,"10,120 ISK","-20,240 ISK",Dhianeilia Stylus,Jita IV - Moon 4 - Caldari Navy Assembly Plant
2022.11.07 19:48,1,Gamma S,"3,128 ISK","-3,128 ISK",Evgen Hadah,Jita IV - Moon 4 - Caldari Navy Assembly Plant
2022.11.07 19:48,1,Hammerhead I,"23,120 ISK","-23,120 ISK",Evgen Hadah,Jita IV - Moon 4 - Caldari Navy Assembly Plant
2022.11.07 19:38,1,F-90 Compact Sensor Booster,"3,186 ISK","-3,186 ISK",Star Fokker,Jita IV - Moon 4 - Caldari Navy Assembly Plant
2022.11.07 19:33,57,Hammerhead I,"23,120 ISK","-1,317,840 ISK",Ragnar Nox,Jita IV - Moon 4 - Caldari Navy Assembly Plant
2022.11.07 19:32,2,F-90 Compact Sensor Booster,"3,185 ISK","-6,370 ISK",vandros Semah,Jita IV - Moon 4 - Caldari Navy Assembly Plant
2022.11.07 19:32,1,Hammerhead I,"23,120 ISK","-23,120 ISK",vandros Semah,Jita IV - Moon 4 - Caldari Navy Assembly Plant
2022.11.07 19:30,1,F-90 Compact Sensor Booster,"3,186 ISK","-3,186 ISK",Azusa0,Jita IV - Moon 4 - Caldari Navy Assembly Plant
2022.11.07 19:30,1,F-90 Compact Sensor Booster,"3,186 ISK","-3,186 ISK",Nyendri,Jita IV - Moon 4 - Caldari Navy Assembly Plant
2022.11.07 19:24,1,Talocan Reflective Sheets,"7,760 ISK","-7,760 ISK",FatherStar,Jita IV - Moon 4 - Caldari Navy Assembly Plant
2022.11.07 19:23,1,Talocan Intricate Formulas,"1,009 ISK","-1,009 ISK",Ebat KopaTb,Jita IV - Moon 4 - Caldari Navy Assembly Plant
2022.11.07 19:17,32,Scoped Electronics,"4,655 ISK","-148,960 ISK",sear tier,Jita IV - Moon 4 - Caldari Navy Assembly Plant
2022.11.07 19:14,1,Hammerhead I,"23,120 ISK","-23,120 ISK",Anun Naku,Jita IV - Moon 4 - Caldari Navy Assembly Plant
2022.11.07 19:12,1,Hammerhead I,"23,120 ISK","-23,120 ISK",TwitchWillTv,Jita IV - Moon 4 - Caldari Navy Assembly Plant
2022.11.07 19:11,1,Gamma S,"3,128 ISK","-3,128 ISK",Etseras Tsutola,Jita IV - Moon 4 - Caldari Navy Assembly Plant
2022.11.07 19:11,1,Gamma S,"3,128 ISK","-3,128 ISK",Etseras Tsutola,Jita IV - Moon 4 - Caldari Navy Assembly Plant
2022.11.07 19:09,1,Hammerhead I,"23,120 ISK","-23,120 ISK",Kain Velez,Jita IV - Moon 4 - Caldari Navy Assembly Plant
2022.11.07 19:08,1,Talocan Reflective Sheets,"7,760 ISK","-7,760 ISK",Quezakotle,Jita IV - Moon 4 - Caldari Navy Assembly Plant
2022.11.07 19:03,5,Hammerhead I,"23,120 ISK","-115,600 ISK",Franky Sonios,Jita IV - Moon 4 - Caldari Navy Assembly Plant
2022.11.07 19:02,2,Standard L,"20,040 ISK","-40,080 ISK",Lily Stargirl,Jita IV - Moon 4 - Caldari Navy Assembly Plant
2022.11.07 19:01,1,Talocan Intricate Formulas,"1,009 ISK","-1,009 ISK",Daniel Lor,Jita IV - Moon 4 - Caldari Navy Assembly Plant
2022.11.07 19:01,2,Takmahl Cohere Cord,"10,120 ISK","-20,240 ISK",Halgi,Jita IV - Moon 4 - Caldari Navy Assembly Plant
2022.11.07 18:59,48,Scoped Electronics,"4,655 ISK","-223,440 ISK",Torbede Ogeir Austrene,Jita IV - Moon 4 - Caldari Navy Assembly Plant
2022.11.07 18:58,4,Hammerhead I,"23,120 ISK","-92,480 ISK",Siniy iney 77777,Jita IV - Moon 4 - Caldari Navy Assembly Plant
2022.11.07 18:58,4,Hammerhead I,"23,120 ISK","-92,480 ISK",Lily Stargirl,Jita IV - Moon 4 - Caldari Navy Assembly Plant
2022.11.07 18:58,11,Gamma S,"3,128 ISK","-34,408 ISK",Lily Stargirl,Jita IV - Moon 4 - Caldari Navy Assembly Plant
2022.11.07 18:55,3,Talocan Reflective Sheets,"7,760 ISK","-23,280 ISK",Brutalski,Jita IV - Moon 4 - Caldari Navy Assembly Plant
2022.11.07 18:55,2,Gamma S,"3,128 ISK","-6,256 ISK",Bezmolvniy Banderlog,Jita IV - Moon 4 - Caldari Navy Assembly Plant
2022.11.07 18:52,1,Hammerhead I,"23,120 ISK","-23,120 ISK",Leiser,Jita IV - Moon 4 - Caldari Navy Assembly Plant
2022.11.07 18:50,3,Hammerhead I,"23,120 ISK","-69,360 ISK",Sue Jovakko,Jita IV - Moon 4 - Caldari Navy Assembly Plant
2022.11.07 18:49,3,Decayed Magnetic Field Stabilizer Mutaplasmid,"121,200 ISK","-363,600 ISK",Avelerris,Jita IV - Moon 4 - Caldari Navy Assembly Plant
2022.11.07 18:48,1,Hammerhead I,"23,120 ISK","-23,120 ISK",Rimas Drinkins,Jita IV - Moon 4 - Caldari Navy Assembly Plant
2022.11.07 18:43,1,Talocan Intricate Formulas,"1,009 ISK","-1,009 ISK",ZZabanen,Jita IV - Moon 4 - Caldari Navy Assembly Plant
2022.11.07 18:33,1,Gamma S,"3,128 ISK","-3,128 ISK",Neo Loenix,Jita IV - Moon 4 - Caldari Navy Assembly Plant
2022.11.07 18:32,3,Hammerhead I,"23,120 ISK","-69,360 ISK",Amali Kim,Jita IV - Moon 4 - Caldari Navy Assembly Plant
2022.11.07 18:30,468,Evasive Maneuvers Charge,402 ISK,"-188,136 ISK",Goddess Freyjia,Jita IV - Moon 4 - Caldari Navy Assembly Plant
2022.11.07 18:22,4,Hammerhead I,"23,120 ISK","-92,480 ISK",Elegance Bennet,Jita IV - Moon 4 - Caldari Navy Assembly Plant
2022.11.07 18:22,1,Gamma S,"3,128 ISK","-3,128 ISK",Ijumachi Makanen,Jita IV - Moon 4 - Caldari Navy Assembly Plant
2022.11.07 18:22,1,Talocan Intricate Formulas,"1,009 ISK","-1,009 ISK",Gorgonnn,Jita IV - Moon 4 - Caldari Navy Assembly Plant
2022.11.07 18:22,1,Takmahl Cohere Cord,"10,120 ISK","-10,120 ISK",Gorgonnn,Jita IV - Moon 4 - Caldari Navy Assembly Plant
2022.11.07 18:12,3,Takmahl Cohere Cord,"10,120 ISK","-30,360 ISK",Wadich,Jita IV - Moon 4 - Caldari Navy Assembly Plant
2022.11.07 18:08,5,Hammerhead I,"23,120 ISK","-115,600 ISK",Dios Maken,Jita IV - Moon 4 - Caldari Navy Assembly Plant
2022.11.07 18:07,2,Gamma S,"3,128 ISK","-6,256 ISK",Gaius Mallus Anneto,Jita IV - Moon 4 - Caldari Navy Assembly Plant
2022.11.07 18:07,1,Gamma S,"3,128 ISK","-3,128 ISK",TwitchWillTv,Jita IV - Moon 4 - Caldari Navy Assembly Plant
2022.11.07 18:06,1,Gamma S,"3,128 ISK","-3,128 ISK",TwitchWillTv,Jita IV - Moon 4 - Caldari Navy Assembly Plant
2022.11.07 18:05,1,Takmahl Cohere Cord,"10,120 ISK","-10,120 ISK",KurzUNDeinfach,Jita IV - Moon 4 - Caldari Navy Assembly Plant
2022.11.07 18:05,1,Talocan Intricate Formulas,"1,009 ISK","-1,009 ISK",KurzUNDeinfach,Jita IV - Moon 4 - Caldari Navy Assembly Plant
2022.11.07 18:03,3,Advanced 'Limos' Heavy Missile Bay I,"8,545 ISK","-25,635 ISK",Dara Xamtys,Jita IV - Moon 4 - Caldari Navy Assembly Plant
2022.11.07 18:02,1,Enormous Freight Container,"396,000 ISK","-396,000 ISK",Prazon Instrum,Jita IV - Moon 4 - Caldari Navy Assembly Plant
2022.11.07 17:59,1,Decayed Magnetic Field Stabilizer Mutaplasmid,"121,200 ISK","-121,200 ISK",Nimmoda Saken,Jita IV - Moon 4 - Caldari Navy Assembly Plant
2022.11.07 17:56,3,Hammerhead I,"23,120 ISK","-69,360 ISK",Dara Xamtys,Jita IV - Moon 4 - Caldari Navy Assembly Plant
2022.11.07 17:54,2,Takmahl Cohere Cord,"10,120 ISK","-20,240 ISK",Jaamiee,Jita IV - Moon 4 - Caldari Navy Assembly Plant
2022.11.07 17:54,983,Electronic Link,101 ISK,"-99,479 ISK",Jaamiee,Jita IV - Moon 4 - Caldari Navy Assembly Plant
2022.11.07 17:53,3,Talocan Intricate Formulas,"1,009 ISK","-3,027 ISK",Jaamiee,Jita IV - Moon 4 - Caldari Navy Assembly Plant
2022.11.07 17:47,1,Advanced 'Limos' Heavy Missile Bay I,"8,545 ISK","-8,545 ISK",pila dryjba,Jita IV - Moon 4 - Caldari Navy Assembly Plant
2022.11.07 17:42,25,Scoped Electronics,"4,655 ISK","-116,375 ISK",Bolder Creire-Geng,Jita IV - Moon 4 - Caldari Navy Assembly Plant
2022.11.07 17:42,93,Electronic Link,101 ISK,"-9,411 ISK",Edaenrac Muvila,Jita IV - Moon 4 - Caldari Navy Assembly Plant
2022.11.07 17:41,1,Decayed Magnetic Field Stabilizer Mutaplasmid,"121,200 ISK","-121,200 ISK",Panter Selim,Jita IV - Moon 4 - Caldari Navy Assembly Plant
2022.11.07 17:41,5,Hammerhead I,"23,120 ISK","-115,600 ISK",Polent,Jita IV - Moon 4 - Caldari Navy Assembly Plant
2022.11.07 17:39,18,Hammerhead I,"23,120 ISK","-416,160 ISK",xyz1234567,Jita IV - Moon 4 - Caldari Navy Assembly Plant
2022.11.07 17:38,1,Talocan Intricate Formulas,"1,009 ISK","-1,009 ISK",Panter Selim,Jita IV - Moon 4 - Caldari Navy Assembly Plant
2022.11.07 17:38,1,Talocan Intricate Formulas,"1,009 ISK","-1,009 ISK",Asturion,Jita IV - Moon 4 - Caldari Navy Assembly Plant
2022.11.07 17:37,20,Crash,8 ISK,-160 ISK,Schneepulver Weissherd,Jita IV - Moon 4 - Caldari Navy Assembly Plant
2022.11.07 17:35,57,Electronic Link,101 ISK,"-5,768 ISK",CHluSt,Jita IV - Moon 4 - Caldari Navy Assembly Plant
2022.11.07 17:32,1,Hammerhead I,"23,120 ISK","-23,120 ISK",JJAD,Jita IV - Moon 4 - Caldari Navy Assembly Plant
2022.11.07 17:32,1,Hammerhead I,"23,120 ISK","-23,120 ISK",JJAD,Jita IV - Moon 4 - Caldari Navy Assembly Plant
2022.11.07 17:32,1,Hammerhead I,"23,120 ISK","-23,120 ISK",JJAD,Jita IV - Moon 4 - Caldari Navy Assembly Plant
2022.11.07 17:32,1,Hammerhead I,"23,120 ISK","-23,120 ISK",JJAD,Jita IV - Moon 4 - Caldari Navy Assembly Plant
2022.11.07 17:31,2,Hammerhead I,"23,120 ISK","-46,240 ISK",JJAD,Jita IV - Moon 4 - Caldari Navy Assembly Plant
2022.11.07 17:31,1,Hammerhead I,"23,120 ISK","-23,120 ISK",JJAD,Jita IV - Moon 4 - Caldari Navy Assembly Plant
2022.11.07 17:27,1,Decayed Magnetic Field Stabilizer Mutaplasmid,"121,200 ISK","-121,200 ISK",Moupa Yeva,Jita IV - Moon 4 - Caldari Navy Assembly Plant
2022.11.07 17:25,"1,000",Shadow Iron Charge S,15 ISK,"-15,010 ISK",Taryelero,Jita IV - Moon 4 - Caldari Navy Assembly Plant
2022.11.07 17:22,153,Electronic Link,101 ISK,"-15,483 ISK",Alexs Oriki,Jita IV - Moon 4 - Caldari Navy Assembly Plant
2022.11.07 17:21,32,Electronic Link,101 ISK,"-3,238 ISK",Jasmine von Karelia,Jita IV - Moon 4 - Caldari Navy Assembly Plant
2022.11.07 17:21,10,Crash,8 ISK,-80 ISK,Wolland N,Jita IV - Moon 4 - Caldari Navy Assembly Plant
2022.11.07 17:21,2,Talocan Reflective Sheets,"7,760 ISK","-15,520 ISK",Wolland N,Jita IV - Moon 4 - Caldari Navy Assembly Plant
2022.11.07 17:21,120,Electronic Link,101 ISK,"-12,144 ISK",Wolland N,Jita IV - Moon 4 - Caldari Navy Assembly Plant
2022.11.07 17:20,3,Talocan Reflective Sheets,"7,760 ISK","-23,280 ISK",Kehr Ozen,Jita IV - Moon 4 - Caldari Navy Assembly Plant
2022.11.07 17:20,415,Electronic Link,101 ISK,"-41,998 ISK",Kehr Ozen,Jita IV - Moon 4 - Caldari Navy Assembly Plant
2022.11.07 17:20,1,Advanced 'Limos' Heavy Missile Bay I,"8,545 ISK","-8,545 ISK",Wolland N,Jita IV - Moon 4 - Caldari Navy Assembly Plant
2022.11.07 17:20,124,Scoped Electronics,"4,655 ISK","-577,220 ISK",Hellraiser lifender,Jita IV - Moon 4 - Caldari Navy Assembly Plant
2022.11.07 17:19,1,Hammerhead I,"23,120 ISK","-23,120 ISK",Yenne,Jita IV - Moon 4 - Caldari Navy Assembly Plant
2022.11.07 17:19,1,Gamma S,"3,128 ISK","-3,128 ISK",Wolland N,Jita IV - Moon 4 - Caldari Navy Assembly Plant
2022.11.07 17:18,1,Decayed Magnetic Field Stabilizer Mutaplasmid,"121,200 ISK","-121,200 ISK",Sevyrine Vironi,Jita IV - Moon 4 - Caldari Navy Assembly Plant
2022.11.07 17:18,3,Decayed Magnetic Field Stabilizer Mutaplasmid,"121,200 ISK","-363,600 ISK",CH-HeiDi,Jita IV - Moon 4 - Caldari Navy Assembly Plant
2022.11.07 17:18,38,Electronic Link,101 ISK,"-3,845 ISK",Thelophene,Jita IV - Moon 4 - Caldari Navy Assembly Plant
2022.11.07 17:17,12,Hammerhead I,"23,120 ISK","-277,440 ISK",Yenne,Jita IV - Moon 4 - Caldari Navy Assembly Plant
2022.11.07 17:16,20,Hammerhead I,"23,120 ISK","-462,400 ISK",Yan Shenkovski,Jita IV - Moon 4 - Caldari Navy Assembly Plant
2022.11.07 17:16,1,Gamma S,"3,128 ISK","-3,128 ISK",Yan Shenkovski,Jita IV - Moon 4 - Caldari Navy Assembly Plant
2022.11.07 17:15,10,Crash,8 ISK,-80 ISK,Yan Shenkovski,Jita IV - Moon 4 - Caldari Navy Assembly Plant
2022.11.07 17:14,26,Electronic Link,101 ISK,"-2,631 ISK",Thallywacker Eto,Jita IV - Moon 4 - Caldari Navy Assembly Plant
2022.11.07 17:14,16,Electronic Link,101 ISK,"-1,619 ISK",Thallywacker Eto,Jita IV - Moon 4 - Caldari Navy Assembly Plant
2022.11.07 17:13,4,Advanced 'Limos' Heavy Missile Bay I,"8,545 ISK","-34,180 ISK",Yan Shenkovski,Jita IV - Moon 4 - Caldari Navy Assembly Plant
2022.11.07 17:08,11,Scoped Electronics,"4,655 ISK","-51,205 ISK",TeTe Otomeyas,Jita IV - Moon 4 - Caldari Navy Assembly Plant
2022.11.07 17:06,"1,803",Spare Parts,71 ISK,"-128,247 ISK",Alison Rey,Jita IV - Moon 4 - Caldari Navy Assembly Plant
2022.11.07 17:04,16,Electronic Link,101 ISK,"-1,619 ISK",Ploho Plattenbauten,Jita IV - Moon 4 - Caldari Navy Assembly Plant
2022.11.07 17:04,33,Electronic Link,101 ISK,"-3,339 ISK",Paun Akachi,Jita IV - Moon 4 - Caldari Navy Assembly Plant
2022.11.07 17:03,184,Electronic Link,101 ISK,"-18,620 ISK",Sondasz,Jita IV - Moon 4 - Caldari Navy Assembly Plant
2022.11.07 17:03,1,Talocan Reflective Sheets,"7,760 ISK","-7,760 ISK",Sondasz,Jita IV - Moon 4 - Caldari Navy Assembly Plant
2022.11.07 17:01,2,Gamma S,"3,128 ISK","-6,256 ISK",Aginot,Jita IV - Moon 4 - Caldari Navy Assembly Plant
2022.11.07 16:55,62,Electronic Link,101 ISK,"-6,274 ISK",Foxzod Fayte,Jita IV - Moon 4 - Caldari Navy Assembly Plant
2022.11.07 16:53,1,F-90 Compact Sensor Booster,"3,183 ISK","-3,183 ISK",Sorokopud,Jita IV - Moon 4 - Caldari Navy Assembly Plant
2022.11.07 16:50,173,Electronic Link,101 ISK,"-17,507 ISK",Doperganter,Jita IV - Moon 4 - Caldari Navy Assembly Plant
2022.11.07 16:49,22,Electronic Link,101 ISK,"-2,226 ISK",Alex Droner,Jita IV - Moon 4 - Caldari Navy Assembly Plant
2022.11.07 16:49,32,Electronic Link,101 ISK,"-3,238 ISK",LyNXNC,Jita IV - Moon 4 - Caldari Navy Assembly Plant
2022.11.07 16:49,520,Electronic Link,101 ISK,"-52,624 ISK",10zuk,Jita IV - Moon 4 - Caldari Navy Assembly Plant
2022.11.07 16:49,15,Electronic Link,101 ISK,"-1,518 ISK",HeavyDealer,Jita IV - Moon 4 - Caldari Navy Assembly Plant
